cs_etm__setup_queue: etmq=0x848ad0 queue_nr=0
cs_etm__setup_queue: etmq=0x848bd0 queue_nr=1
cs_etm__setup_queue: etmq=0x848cd0 queue_nr=2
cs_etm__setup_queue: etmq=0x848dd0 queue_nr=3
cs_etm__setup_queue: etmq=0x848ed0 queue_nr=4
cs_etm__setup_queue: etmq=0x848fd0 queue_nr=5
cs_etm__setup_queue: etmq=0x8490d0 queue_nr=6
cs_etm__setup_queue: etmq=0x8491d0 queue_nr=7
cs_etm__setup_queue: etmq=0x8492d0 queue_nr=8
cs_etm__setup_queue: etmq=0x8493d0 queue_nr=9
cs_etm__setup_queue: etmq=0x8494d0 queue_nr=10
cs_etm__setup_queue: etmq=0x8495d0 queue_nr=11
cs_etm__setup_queue: etmq=0x8496d0 queue_nr=12
cs_etm__setup_queue: etmq=0x8497d0 queue_nr=13
cs_etm__setup_queue: etmq=0x8498d0 queue_nr=14
cs_etm__setup_queue: etmq=0x8499d0 queue_nr=15
cs_etm__setup_queue: etmq=0x849ad0 queue_nr=16
cs_etm__setup_queue: etmq=0x849bd0 queue_nr=17
cs_etm__setup_queue: etmq=0x849cd0 queue_nr=18
cs_etm__setup_queue: etmq=0x849dd0 queue_nr=19
cs_etm__setup_queue: etmq=0x849ed0 queue_nr=20
cs_etm__setup_queue: etmq=0x849fd0 queue_nr=21
cs_etm__setup_queue: etmq=0x84a0d0 queue_nr=22
cs_etm__setup_queue: etmq=0x84a1d0 queue_nr=23
cs_etm__setup_queue: etmq=0x84a2d0 queue_nr=24
cs_etm__setup_queue: etmq=0x84a3d0 queue_nr=25
cs_etm__setup_queue: etmq=0x84a4d0 queue_nr=26
cs_etm__setup_queue: etmq=0x84a5d0 queue_nr=27
cs_etm__setup_queue: etmq=0x84a6d0 queue_nr=28
cs_etm__setup_queue: etmq=0x84a7d0 queue_nr=29
cs_etm__setup_queue: etmq=0x84a8d0 queue_nr=30
cs_etm__setup_queue: etmq=0x84a9d0 queue_nr=31
cs_etm__setup_queue: etmq=0x84aad0 queue_nr=32
cs_etm__setup_queue: etmq=0x84abd0 queue_nr=33
cs_etm__setup_queue: etmq=0x84acd0 queue_nr=34
cs_etm__setup_queue: etmq=0x84add0 queue_nr=35
cs_etm__setup_queue: etmq=0x84aed0 queue_nr=36
cs_etm__setup_queue: etmq=0x84afd0 queue_nr=37
cs_etm__setup_queue: etmq=0x84b0d0 queue_nr=38
cs_etm__setup_queue: etmq=0x84b1d0 queue_nr=39
cs_etm__setup_queue: etmq=0x84b2d0 queue_nr=40
cs_etm__setup_queue: etmq=0x84b3d0 queue_nr=41
cs_etm__setup_queue: etmq=0x84b4d0 queue_nr=42
cs_etm__setup_queue: etmq=0x84b5d0 queue_nr=43
cs_etm__setup_queue: etmq=0x84b6d0 queue_nr=44
cs_etm__setup_queue: etmq=0x84b7d0 queue_nr=45
cs_etm__setup_queue: etmq=0x84b8d0 queue_nr=46
cs_etm__setup_queue: etmq=0x84b9d0 queue_nr=47
cs_etm__setup_queue: etmq=0x84bad0 queue_nr=48
cs_etm__setup_queue: etmq=0x84bbd0 queue_nr=49
cs_etm__setup_queue: etmq=0x84bcd0 queue_nr=50
cs_etm__setup_queue: etmq=0x84bdd0 queue_nr=51
cs_etm__setup_queue: etmq=0x84bed0 queue_nr=52
cs_etm__setup_queue: etmq=0x84bfd0 queue_nr=53
cs_etm__setup_queue: etmq=0x84c0d0 queue_nr=54
cs_etm__setup_queue: etmq=0x84c1d0 queue_nr=55
cs_etm__setup_queue: etmq=0x84c2d0 queue_nr=56
cs_etm__setup_queue: etmq=0x84c3d0 queue_nr=57
cs_etm__setup_queue: etmq=0x84c4d0 queue_nr=58
cs_etm__setup_queue: etmq=0x84c5d0 queue_nr=59
cs_etm__setup_queue: etmq=0x84c6d0 queue_nr=60
cs_etm__setup_queue: etmq=0x84c7d0 queue_nr=61
cs_etm__setup_queue: etmq=0x84c8d0 queue_nr=62
cs_etm__setup_queue: etmq=0x84c9d0 queue_nr=63
cs_etm__setup_queue: etmq=0x84cad0 queue_nr=64
cs_etm__setup_queue: etmq=0x84cbd0 queue_nr=65
cs_etm__setup_queue: etmq=0x84ccd0 queue_nr=66
cs_etm__setup_queue: etmq=0x84cdd0 queue_nr=67
cs_etm__setup_queue: etmq=0x84ced0 queue_nr=68
cs_etm__setup_queue: etmq=0x84cfd0 queue_nr=69
cs_etm__setup_queue: etmq=0x84d0d0 queue_nr=70
cs_etm__setup_queue: etmq=0x84d1d0 queue_nr=71
CS ETM: auxtrace index=0x82e9e0 index->nr=72
CS ETM: aux_records: aux_size=0x9b140
CS ETM: AUX fragment: file offset=0x7998898 size=30
CS ETM: aux_event range     : [00000000..0009b140]
CS ETM: auxtrace_event range: [00000000..0009b140]
CS ETM: Queue buffer size: 0x9b140 offset: 0 tid: 3182529 cpu: 0
CS ETM: Found format(etmq=0x848ad0): format=2
CS ETM: aux_records: aux_size=0x9fd80
CS ETM: AUX fragment: file offset=0x7998898 size=30
CS ETM: AUX fragment: file offset=0x7a34948 size=30
CS ETM: aux_event range     : [00000000..0009fd80]
CS ETM: auxtrace_event range: [00000000..0009fd80]
CS ETM: Queue buffer size: 0x9fd80 offset: 0 tid: 3182529 cpu: 1
CS ETM: Found format(etmq=0x848bd0): format=2
CS ETM: aux_records: aux_size=0x9bac0
CS ETM: AUX fragment: file offset=0x7998898 size=30
CS ETM: AUX fragment: file offset=0x7a34948 size=30
CS ETM: AUX fragment: file offset=0x7ad6358 size=30
CS ETM: aux_event range     : [00000000..0009bac0]
CS ETM: auxtrace_event range: [00000000..0009bac0]
CS ETM: Queue buffer size: 0x9bac0 offset: 0 tid: 3182529 cpu: 2
CS ETM: Found format(etmq=0x848cd0): format=2
CS ETM: aux_records: aux_size=0xb1840
CS ETM: AUX fragment: file offset=0x7998898 size=30
CS ETM: AUX fragment: file offset=0x7a34948 size=30
CS ETM: AUX fragment: file offset=0x7ad6358 size=30
CS ETM: AUX fragment: file offset=0x7b73088 size=30
CS ETM: aux_event range     : [00000000..000b1840]
CS ETM: auxtrace_event range: [00000000..000b1840]
CS ETM: Queue buffer size: 0xb1840 offset: 0 tid: 3182529 cpu: 3
CS ETM: Found format(etmq=0x848dd0): format=2
CS ETM: aux_records: aux_size=0xa6980
CS ETM: AUX fragment: file offset=0x7998898 size=30
CS ETM: AUX fragment: file offset=0x7a34948 size=30
CS ETM: AUX fragment: file offset=0x7ad6358 size=30
CS ETM: AUX fragment: file offset=0x7b73088 size=30
CS ETM: AUX fragment: file offset=0x7c25ab8 size=30
CS ETM: aux_event range     : [00000000..000a6980]
CS ETM: auxtrace_event range: [00000000..000a6980]
CS ETM: Queue buffer size: 0xa6980 offset: 0 tid: 3182529 cpu: 4
CS ETM: Found format(etmq=0x848ed0): format=2
CS ETM: aux_records: aux_size=0xac0c0
CS ETM: AUX fragment: file offset=0x7998898 size=30
CS ETM: AUX fragment: file offset=0x7a34948 size=30
CS ETM: AUX fragment: file offset=0x7ad6358 size=30
CS ETM: AUX fragment: file offset=0x7b73088 size=30
CS ETM: AUX fragment: file offset=0x7c25ab8 size=30
CS ETM: AUX fragment: file offset=0x7ccdee8 size=30
CS ETM: aux_event range     : [00000000..000ac0c0]
CS ETM: auxtrace_event range: [00000000..000ac0c0]
CS ETM: Queue buffer size: 0xac0c0 offset: 0 tid: 3182529 cpu: 5
CS ETM: Found format(etmq=0x848fd0): format=2
CS ETM: aux_records: aux_size=0x99b40
CS ETM: AUX fragment: file offset=0x7998898 size=30
CS ETM: AUX fragment: file offset=0x7a34948 size=30
CS ETM: AUX fragment: file offset=0x7ad6358 size=30
CS ETM: AUX fragment: file offset=0x7b73088 size=30
CS ETM: AUX fragment: file offset=0x7c25ab8 size=30
CS ETM: AUX fragment: file offset=0x7ccdee8 size=30
CS ETM: AUX fragment: file offset=0x7d7acd8 size=30
CS ETM: aux_event range     : [00000000..00099b40]
CS ETM: auxtrace_event range: [00000000..00099b40]
CS ETM: Queue buffer size: 0x99b40 offset: 0 tid: 3182529 cpu: 6
CS ETM: Found format(etmq=0x8490d0): format=2
CS ETM: aux_records: aux_size=0x9cb80
CS ETM: AUX fragment: file offset=0x7998898 size=30
CS ETM: AUX fragment: file offset=0x7a34948 size=30
CS ETM: AUX fragment: file offset=0x7ad6358 size=30
CS ETM: AUX fragment: file offset=0x7b73088 size=30
CS ETM: AUX fragment: file offset=0x7c25ab8 size=30
CS ETM: AUX fragment: file offset=0x7ccdee8 size=30
CS ETM: AUX fragment: file offset=0x7d7acd8 size=30
CS ETM: AUX fragment: file offset=0x7e15cc8 size=30
CS ETM: aux_event range     : [00000000..0009cb80]
CS ETM: auxtrace_event range: [00000000..0009cb80]
CS ETM: Queue buffer size: 0x9cb80 offset: 0 tid: 3182529 cpu: 7
CS ETM: Found format(etmq=0x8491d0): format=2
CS ETM: aux_records: aux_size=0x9b900
CS ETM: AUX fragment: file offset=0x7998898 size=30
CS ETM: AUX fragment: file offset=0x7a34948 size=30
CS ETM: AUX fragment: file offset=0x7ad6358 size=30
CS ETM: AUX fragment: file offset=0x7b73088 size=30
CS ETM: AUX fragment: file offset=0x7c25ab8 size=30
CS ETM: AUX fragment: file offset=0x7ccdee8 size=30
CS ETM: AUX fragment: file offset=0x7d7acd8 size=30
CS ETM: AUX fragment: file offset=0x7e15cc8 size=30
CS ETM: AUX fragment: file offset=0x7eb3518 size=30
CS ETM: aux_event range     : [00000000..0009b900]
CS ETM: auxtrace_event range: [00000000..0009b900]
CS ETM: Queue buffer size: 0x9b900 offset: 0 tid: 3182529 cpu: 8
CS ETM: Found format(etmq=0x8492d0): format=2
CS ETM: aux_records: aux_size=0xa5400
CS ETM: AUX fragment: file offset=0x7998898 size=30
CS ETM: AUX fragment: file offset=0x7a34948 size=30
CS ETM: AUX fragment: file offset=0x7ad6358 size=30
CS ETM: AUX fragment: file offset=0x7b73088 size=30
CS ETM: AUX fragment: file offset=0x7c25ab8 size=30
CS ETM: AUX fragment: file offset=0x7ccdee8 size=30
CS ETM: AUX fragment: file offset=0x7d7acd8 size=30
CS ETM: AUX fragment: file offset=0x7e15cc8 size=30
CS ETM: AUX fragment: file offset=0x7eb3518 size=30
CS ETM: AUX fragment: file offset=0x7f4f0c8 size=30
CS ETM: aux_event range     : [00000000..000a5400]
CS ETM: auxtrace_event range: [00000000..000a5400]
CS ETM: Queue buffer size: 0xa5400 offset: 0 tid: 3182529 cpu: 9
CS ETM: Found format(etmq=0x8493d0): format=2
CS ETM: aux_records: aux_size=0x9ccc0
CS ETM: AUX fragment: file offset=0x7998898 size=30
CS ETM: AUX fragment: file offset=0x7a34948 size=30
CS ETM: AUX fragment: file offset=0x7ad6358 size=30
CS ETM: AUX fragment: file offset=0x7b73088 size=30
CS ETM: AUX fragment: file offset=0x7c25ab8 size=30
CS ETM: AUX fragment: file offset=0x7ccdee8 size=30
CS ETM: AUX fragment: file offset=0x7d7acd8 size=30
CS ETM: AUX fragment: file offset=0x7e15cc8 size=30
CS ETM: AUX fragment: file offset=0x7eb3518 size=30
CS ETM: AUX fragment: file offset=0x7f4f0c8 size=30
CS ETM: AUX fragment: file offset=0x7ff4cb8 size=30
CS ETM: aux_event range     : [00000000..0009ccc0]
CS ETM: auxtrace_event range: [00000000..0009ccc0]
CS ETM: Queue buffer size: 0x9ccc0 offset: 0 tid: 3182529 cpu: 10
CS ETM: Found format(etmq=0x8494d0): format=2
CS ETM: aux_records: aux_size=0xa4740
CS ETM: AUX fragment: file offset=0x7998898 size=30
CS ETM: AUX fragment: file offset=0x7a34948 size=30
CS ETM: AUX fragment: file offset=0x7ad6358 size=30
CS ETM: AUX fragment: file offset=0x7b73088 size=30
CS ETM: AUX fragment: file offset=0x7c25ab8 size=30
CS ETM: AUX fragment: file offset=0x7ccdee8 size=30
CS ETM: AUX fragment: file offset=0x7d7acd8 size=30
CS ETM: AUX fragment: file offset=0x7e15cc8 size=30
CS ETM: AUX fragment: file offset=0x7eb3518 size=30
CS ETM: AUX fragment: file offset=0x7f4f0c8 size=30
CS ETM: AUX fragment: file offset=0x7ff4cb8 size=30
CS ETM: AUX fragment: file offset=0x8092768 size=30
CS ETM: aux_event range     : [00000000..000a4740]
CS ETM: auxtrace_event range: [00000000..000a4740]
CS ETM: Queue buffer size: 0xa4740 offset: 0 tid: 3182529 cpu: 11
CS ETM: Found format(etmq=0x8495d0): format=2
CS ETM: aux_records: aux_size=0xacb00
CS ETM: AUX fragment: file offset=0x7998898 size=30
CS ETM: AUX fragment: file offset=0x7a34948 size=30
CS ETM: AUX fragment: file offset=0x7ad6358 size=30
CS ETM: AUX fragment: file offset=0x7b73088 size=30
CS ETM: AUX fragment: file offset=0x7c25ab8 size=30
CS ETM: AUX fragment: file offset=0x7ccdee8 size=30
CS ETM: AUX fragment: file offset=0x7d7acd8 size=30
CS ETM: AUX fragment: file offset=0x7e15cc8 size=30
CS ETM: AUX fragment: file offset=0x7eb3518 size=30
CS ETM: AUX fragment: file offset=0x7f4f0c8 size=30
CS ETM: AUX fragment: file offset=0x7ff4cb8 size=30
CS ETM: AUX fragment: file offset=0x8092768 size=30
CS ETM: AUX fragment: file offset=0x8138838 size=30
CS ETM: aux_event range     : [00000000..000acb00]
CS ETM: auxtrace_event range: [00000000..000acb00]
CS ETM: Queue buffer size: 0xacb00 offset: 0 tid: 3182529 cpu: 12
CS ETM: Found format(etmq=0x8496d0): format=2
CS ETM: aux_records: aux_size=0xbdf00
CS ETM: AUX fragment: file offset=0x7998898 size=30
CS ETM: AUX fragment: file offset=0x7a34948 size=30
CS ETM: AUX fragment: file offset=0x7ad6358 size=30
CS ETM: AUX fragment: file offset=0x7b73088 size=30
CS ETM: AUX fragment: file offset=0x7c25ab8 size=30
CS ETM: AUX fragment: file offset=0x7ccdee8 size=30
CS ETM: AUX fragment: file offset=0x7d7acd8 size=30
CS ETM: AUX fragment: file offset=0x7e15cc8 size=30
CS ETM: AUX fragment: file offset=0x7eb3518 size=30
CS ETM: AUX fragment: file offset=0x7f4f0c8 size=30
CS ETM: AUX fragment: file offset=0x7ff4cb8 size=30
CS ETM: AUX fragment: file offset=0x8092768 size=30
CS ETM: AUX fragment: file offset=0x8138838 size=30
CS ETM: AUX fragment: file offset=0x81e6488 size=30
CS ETM: aux_event range     : [00000000..000bdf00]
CS ETM: auxtrace_event range: [00000000..000bdf00]
CS ETM: Queue buffer size: 0xbdf00 offset: 0 tid: 3182529 cpu: 13
CS ETM: Found format(etmq=0x8497d0): format=2
CS ETM: aux_records: aux_size=0xb3200
CS ETM: AUX fragment: file offset=0x7998898 size=30
CS ETM: AUX fragment: file offset=0x7a34948 size=30
CS ETM: AUX fragment: file offset=0x7ad6358 size=30
CS ETM: AUX fragment: file offset=0x7b73088 size=30
CS ETM: AUX fragment: file offset=0x7c25ab8 size=30
CS ETM: AUX fragment: file offset=0x7ccdee8 size=30
CS ETM: AUX fragment: file offset=0x7d7acd8 size=30
CS ETM: AUX fragment: file offset=0x7e15cc8 size=30
CS ETM: AUX fragment: file offset=0x7eb3518 size=30
CS ETM: AUX fragment: file offset=0x7f4f0c8 size=30
CS ETM: AUX fragment: file offset=0x7ff4cb8 size=30
CS ETM: AUX fragment: file offset=0x8092768 size=30
CS ETM: AUX fragment: file offset=0x8138838 size=30
CS ETM: AUX fragment: file offset=0x81e6488 size=30
CS ETM: AUX fragment: file offset=0x82a4578 size=30
CS ETM: aux_event range     : [00000000..000b3200]
CS ETM: auxtrace_event range: [00000000..000b3200]
CS ETM: Queue buffer size: 0xb3200 offset: 0 tid: 3182529 cpu: 14
CS ETM: Found format(etmq=0x8498d0): format=2
CS ETM: aux_records: aux_size=0xadac0
CS ETM: AUX fragment: file offset=0x7998898 size=30
CS ETM: AUX fragment: file offset=0x7a34948 size=30
CS ETM: AUX fragment: file offset=0x7ad6358 size=30
CS ETM: AUX fragment: file offset=0x7b73088 size=30
CS ETM: AUX fragment: file offset=0x7c25ab8 size=30
CS ETM: AUX fragment: file offset=0x7ccdee8 size=30
CS ETM: AUX fragment: file offset=0x7d7acd8 size=30
CS ETM: AUX fragment: file offset=0x7e15cc8 size=30
CS ETM: AUX fragment: file offset=0x7eb3518 size=30
CS ETM: AUX fragment: file offset=0x7f4f0c8 size=30
CS ETM: AUX fragment: file offset=0x7ff4cb8 size=30
CS ETM: AUX fragment: file offset=0x8092768 size=30
CS ETM: AUX fragment: file offset=0x8138838 size=30
CS ETM: AUX fragment: file offset=0x81e6488 size=30
CS ETM: AUX fragment: file offset=0x82a4578 size=30
CS ETM: AUX fragment: file offset=0x8357968 size=30
CS ETM: aux_event range     : [00000000..000adac0]
CS ETM: auxtrace_event range: [00000000..000adac0]
CS ETM: Queue buffer size: 0xadac0 offset: 0 tid: 3182529 cpu: 15
CS ETM: Found format(etmq=0x8499d0): format=2
CS ETM: aux_records: aux_size=0xb7540
CS ETM: AUX fragment: file offset=0x7998898 size=30
CS ETM: AUX fragment: file offset=0x7a34948 size=30
CS ETM: AUX fragment: file offset=0x7ad6358 size=30
CS ETM: AUX fragment: file offset=0x7b73088 size=30
CS ETM: AUX fragment: file offset=0x7c25ab8 size=30
CS ETM: AUX fragment: file offset=0x7ccdee8 size=30
CS ETM: AUX fragment: file offset=0x7d7acd8 size=30
CS ETM: AUX fragment: file offset=0x7e15cc8 size=30
CS ETM: AUX fragment: file offset=0x7eb3518 size=30
CS ETM: AUX fragment: file offset=0x7f4f0c8 size=30
CS ETM: AUX fragment: file offset=0x7ff4cb8 size=30
CS ETM: AUX fragment: file offset=0x8092768 size=30
CS ETM: AUX fragment: file offset=0x8138838 size=30
CS ETM: AUX fragment: file offset=0x81e6488 size=30
CS ETM: AUX fragment: file offset=0x82a4578 size=30
CS ETM: AUX fragment: file offset=0x8357968 size=30
CS ETM: AUX fragment: file offset=0x84065d8 size=30
CS ETM: aux_event range     : [00000000..000b7540]
CS ETM: auxtrace_event range: [00000000..000b7540]
CS ETM: Queue buffer size: 0xb7540 offset: 0 tid: 3182529 cpu: 16
CS ETM: Found format(etmq=0x849ad0): format=2
CS ETM: aux_records: aux_size=0xa11c0
CS ETM: AUX fragment: file offset=0x7998898 size=30
CS ETM: AUX fragment: file offset=0x7a34948 size=30
CS ETM: AUX fragment: file offset=0x7ad6358 size=30
CS ETM: AUX fragment: file offset=0x7b73088 size=30
CS ETM: AUX fragment: file offset=0x7c25ab8 size=30
CS ETM: AUX fragment: file offset=0x7ccdee8 size=30
CS ETM: AUX fragment: file offset=0x7d7acd8 size=30
CS ETM: AUX fragment: file offset=0x7e15cc8 size=30
CS ETM: AUX fragment: file offset=0x7eb3518 size=30
CS ETM: AUX fragment: file offset=0x7f4f0c8 size=30
CS ETM: AUX fragment: file offset=0x7ff4cb8 size=30
CS ETM: AUX fragment: file offset=0x8092768 size=30
CS ETM: AUX fragment: file offset=0x8138838 size=30
CS ETM: AUX fragment: file offset=0x81e6488 size=30
CS ETM: AUX fragment: file offset=0x82a4578 size=30
CS ETM: AUX fragment: file offset=0x8357968 size=30
CS ETM: AUX fragment: file offset=0x84065d8 size=30
CS ETM: AUX fragment: file offset=0x84be128 size=30
CS ETM: aux_event range     : [00000000..000a11c0]
CS ETM: auxtrace_event range: [00000000..000a11c0]
CS ETM: Queue buffer size: 0xa11c0 offset: 0 tid: 3182529 cpu: 17
CS ETM: Found format(etmq=0x849bd0): format=2
CS ETM: aux_records: aux_size=0x9e280
CS ETM: AUX fragment: file offset=0x7998898 size=30
CS ETM: AUX fragment: file offset=0x7a34948 size=30
CS ETM: AUX fragment: file offset=0x7ad6358 size=30
CS ETM: AUX fragment: file offset=0x7b73088 size=30
CS ETM: AUX fragment: file offset=0x7c25ab8 size=30
CS ETM: AUX fragment: file offset=0x7ccdee8 size=30
CS ETM: AUX fragment: file offset=0x7d7acd8 size=30
CS ETM: AUX fragment: file offset=0x7e15cc8 size=30
CS ETM: AUX fragment: file offset=0x7eb3518 size=30
CS ETM: AUX fragment: file offset=0x7f4f0c8 size=30
CS ETM: AUX fragment: file offset=0x7ff4cb8 size=30
CS ETM: AUX fragment: file offset=0x8092768 size=30
CS ETM: AUX fragment: file offset=0x8138838 size=30
CS ETM: AUX fragment: file offset=0x81e6488 size=30
CS ETM: AUX fragment: file offset=0x82a4578 size=30
CS ETM: AUX fragment: file offset=0x8357968 size=30
CS ETM: AUX fragment: file offset=0x84065d8 size=30
CS ETM: AUX fragment: file offset=0x84be128 size=30
CS ETM: AUX fragment: file offset=0x85603d8 size=30
CS ETM: aux_event range     : [00000000..0009e280]
CS ETM: auxtrace_event range: [00000000..0009e280]
CS ETM: Queue buffer size: 0x9e280 offset: 0 tid: 3182529 cpu: 18
CS ETM: Found format(etmq=0x849cd0): format=2
CS ETM: aux_records: aux_size=0x85b80
CS ETM: AUX fragment: file offset=0x7998898 size=30
CS ETM: AUX fragment: file offset=0x7a34948 size=30
CS ETM: AUX fragment: file offset=0x7ad6358 size=30
CS ETM: AUX fragment: file offset=0x7b73088 size=30
CS ETM: AUX fragment: file offset=0x7c25ab8 size=30
CS ETM: AUX fragment: file offset=0x7ccdee8 size=30
CS ETM: AUX fragment: file offset=0x7d7acd8 size=30
CS ETM: AUX fragment: file offset=0x7e15cc8 size=30
CS ETM: AUX fragment: file offset=0x7eb3518 size=30
CS ETM: AUX fragment: file offset=0x7f4f0c8 size=30
CS ETM: AUX fragment: file offset=0x7ff4cb8 size=30
CS ETM: AUX fragment: file offset=0x8092768 size=30
CS ETM: AUX fragment: file offset=0x8138838 size=30
CS ETM: AUX fragment: file offset=0x81e6488 size=30
CS ETM: AUX fragment: file offset=0x82a4578 size=30
CS ETM: AUX fragment: file offset=0x8357968 size=30
CS ETM: AUX fragment: file offset=0x84065d8 size=30
CS ETM: AUX fragment: file offset=0x84be128 size=30
CS ETM: AUX fragment: file offset=0x85603d8 size=30
CS ETM: AUX fragment: file offset=0x85ff2c8 size=30
CS ETM: aux_event range     : [00000000..00085b80]
CS ETM: auxtrace_event range: [00000000..00085b80]
CS ETM: Queue buffer size: 0x85b80 offset: 0 tid: 3182529 cpu: 19
CS ETM: Found format(etmq=0x849dd0): format=2
CS ETM: aux_records: aux_size=0x99d80
CS ETM: AUX fragment: file offset=0x7998898 size=30
CS ETM: AUX fragment: file offset=0x7a34948 size=30
CS ETM: AUX fragment: file offset=0x7ad6358 size=30
CS ETM: AUX fragment: file offset=0x7b73088 size=30
CS ETM: AUX fragment: file offset=0x7c25ab8 size=30
CS ETM: AUX fragment: file offset=0x7ccdee8 size=30
CS ETM: AUX fragment: file offset=0x7d7acd8 size=30
CS ETM: AUX fragment: file offset=0x7e15cc8 size=30
CS ETM: AUX fragment: file offset=0x7eb3518 size=30
CS ETM: AUX fragment: file offset=0x7f4f0c8 size=30
CS ETM: AUX fragment: file offset=0x7ff4cb8 size=30
CS ETM: AUX fragment: file offset=0x8092768 size=30
CS ETM: AUX fragment: file offset=0x8138838 size=30
CS ETM: AUX fragment: file offset=0x81e6488 size=30
CS ETM: AUX fragment: file offset=0x82a4578 size=30
CS ETM: AUX fragment: file offset=0x8357968 size=30
CS ETM: AUX fragment: file offset=0x84065d8 size=30
CS ETM: AUX fragment: file offset=0x84be128 size=30
CS ETM: AUX fragment: file offset=0x85603d8 size=30
CS ETM: AUX fragment: file offset=0x85ff2c8 size=30
CS ETM: AUX fragment: file offset=0x8686358 size=30
CS ETM: aux_event range     : [00000000..00099d80]
CS ETM: auxtrace_event range: [00000000..00099d80]
CS ETM: Queue buffer size: 0x99d80 offset: 0 tid: 3182529 cpu: 20
CS ETM: Found format(etmq=0x849ed0): format=2
CS ETM: aux_records: aux_size=0xae700
CS ETM: AUX fragment: file offset=0x7998898 size=30
CS ETM: AUX fragment: file offset=0x7a34948 size=30
CS ETM: AUX fragment: file offset=0x7ad6358 size=30
CS ETM: AUX fragment: file offset=0x7b73088 size=30
CS ETM: AUX fragment: file offset=0x7c25ab8 size=30
CS ETM: AUX fragment: file offset=0x7ccdee8 size=30
CS ETM: AUX fragment: file offset=0x7d7acd8 size=30
CS ETM: AUX fragment: file offset=0x7e15cc8 size=30
CS ETM: AUX fragment: file offset=0x7eb3518 size=30
CS ETM: AUX fragment: file offset=0x7f4f0c8 size=30
CS ETM: AUX fragment: file offset=0x7ff4cb8 size=30
CS ETM: AUX fragment: file offset=0x8092768 size=30
CS ETM: AUX fragment: file offset=0x8138838 size=30
CS ETM: AUX fragment: file offset=0x81e6488 size=30
CS ETM: AUX fragment: file offset=0x82a4578 size=30
CS ETM: AUX fragment: file offset=0x8357968 size=30
CS ETM: AUX fragment: file offset=0x84065d8 size=30
CS ETM: AUX fragment: file offset=0x84be128 size=30
CS ETM: AUX fragment: file offset=0x85603d8 size=30
CS ETM: AUX fragment: file offset=0x85ff2c8 size=30
CS ETM: AUX fragment: file offset=0x8686358 size=30
CS ETM: AUX fragment: file offset=0x87210a8 size=30
CS ETM: aux_event range     : [00000000..000ae700]
CS ETM: auxtrace_event range: [00000000..000ae700]
CS ETM: Queue buffer size: 0xae700 offset: 0 tid: 3182529 cpu: 21
CS ETM: Found format(etmq=0x849fd0): format=2
CS ETM: aux_records: aux_size=0xa25c0
CS ETM: AUX fragment: file offset=0x7998898 size=30
CS ETM: AUX fragment: file offset=0x7a34948 size=30
CS ETM: AUX fragment: file offset=0x7ad6358 size=30
CS ETM: AUX fragment: file offset=0x7b73088 size=30
CS ETM: AUX fragment: file offset=0x7c25ab8 size=30
CS ETM: AUX fragment: file offset=0x7ccdee8 size=30
CS ETM: AUX fragment: file offset=0x7d7acd8 size=30
CS ETM: AUX fragment: file offset=0x7e15cc8 size=30
CS ETM: AUX fragment: file offset=0x7eb3518 size=30
CS ETM: AUX fragment: file offset=0x7f4f0c8 size=30
CS ETM: AUX fragment: file offset=0x7ff4cb8 size=30
CS ETM: AUX fragment: file offset=0x8092768 size=30
CS ETM: AUX fragment: file offset=0x8138838 size=30
CS ETM: AUX fragment: file offset=0x81e6488 size=30
CS ETM: AUX fragment: file offset=0x82a4578 size=30
CS ETM: AUX fragment: file offset=0x8357968 size=30
CS ETM: AUX fragment: file offset=0x84065d8 size=30
CS ETM: AUX fragment: file offset=0x84be128 size=30
CS ETM: AUX fragment: file offset=0x85603d8 size=30
CS ETM: AUX fragment: file offset=0x85ff2c8 size=30
CS ETM: AUX fragment: file offset=0x8686358 size=30
CS ETM: AUX fragment: file offset=0x87210a8 size=30
CS ETM: AUX fragment: file offset=0x87d05f8 size=30
CS ETM: aux_event range     : [00000000..000a25c0]
CS ETM: auxtrace_event range: [00000000..000a25c0]
CS ETM: Queue buffer size: 0xa25c0 offset: 0 tid: 3182529 cpu: 22
CS ETM: Found format(etmq=0x84a0d0): format=2
CS ETM: aux_records: aux_size=0xaf600
CS ETM: AUX fragment: file offset=0x7998898 size=30
CS ETM: AUX fragment: file offset=0x7a34948 size=30
CS ETM: AUX fragment: file offset=0x7ad6358 size=30
CS ETM: AUX fragment: file offset=0x7b73088 size=30
CS ETM: AUX fragment: file offset=0x7c25ab8 size=30
CS ETM: AUX fragment: file offset=0x7ccdee8 size=30
CS ETM: AUX fragment: file offset=0x7d7acd8 size=30
CS ETM: AUX fragment: file offset=0x7e15cc8 size=30
CS ETM: AUX fragment: file offset=0x7eb3518 size=30
CS ETM: AUX fragment: file offset=0x7f4f0c8 size=30
CS ETM: AUX fragment: file offset=0x7ff4cb8 size=30
CS ETM: AUX fragment: file offset=0x8092768 size=30
CS ETM: AUX fragment: file offset=0x8138838 size=30
CS ETM: AUX fragment: file offset=0x81e6488 size=30
CS ETM: AUX fragment: file offset=0x82a4578 size=30
CS ETM: AUX fragment: file offset=0x8357968 size=30
CS ETM: AUX fragment: file offset=0x84065d8 size=30
CS ETM: AUX fragment: file offset=0x84be128 size=30
CS ETM: AUX fragment: file offset=0x85603d8 size=30
CS ETM: AUX fragment: file offset=0x85ff2c8 size=30
CS ETM: AUX fragment: file offset=0x8686358 size=30
CS ETM: AUX fragment: file offset=0x87210a8 size=30
CS ETM: AUX fragment: file offset=0x87d05f8 size=30
CS ETM: AUX fragment: file offset=0x88747e8 size=30
CS ETM: aux_event range     : [00000000..000af600]
CS ETM: auxtrace_event range: [00000000..000af600]
CS ETM: Queue buffer size: 0xaf600 offset: 0 tid: 3182529 cpu: 23
CS ETM: Found format(etmq=0x84a1d0): format=2
CS ETM: aux_records: aux_size=0xa76c0
CS ETM: AUX fragment: file offset=0x7998898 size=30
CS ETM: AUX fragment: file offset=0x7a34948 size=30
CS ETM: AUX fragment: file offset=0x7ad6358 size=30
CS ETM: AUX fragment: file offset=0x7b73088 size=30
CS ETM: AUX fragment: file offset=0x7c25ab8 size=30
CS ETM: AUX fragment: file offset=0x7ccdee8 size=30
CS ETM: AUX fragment: file offset=0x7d7acd8 size=30
CS ETM: AUX fragment: file offset=0x7e15cc8 size=30
CS ETM: AUX fragment: file offset=0x7eb3518 size=30
CS ETM: AUX fragment: file offset=0x7f4f0c8 size=30
CS ETM: AUX fragment: file offset=0x7ff4cb8 size=30
CS ETM: AUX fragment: file offset=0x8092768 size=30
CS ETM: AUX fragment: file offset=0x8138838 size=30
CS ETM: AUX fragment: file offset=0x81e6488 size=30
CS ETM: AUX fragment: file offset=0x82a4578 size=30
CS ETM: AUX fragment: file offset=0x8357968 size=30
CS ETM: AUX fragment: file offset=0x84065d8 size=30
CS ETM: AUX fragment: file offset=0x84be128 size=30
CS ETM: AUX fragment: file offset=0x85603d8 size=30
CS ETM: AUX fragment: file offset=0x85ff2c8 size=30
CS ETM: AUX fragment: file offset=0x8686358 size=30
CS ETM: AUX fragment: file offset=0x87210a8 size=30
CS ETM: AUX fragment: file offset=0x87d05f8 size=30
CS ETM: AUX fragment: file offset=0x88747e8 size=30
CS ETM: AUX fragment: file offset=0x8925bf8 size=30
CS ETM: aux_event range     : [00000000..000a76c0]
CS ETM: auxtrace_event range: [00000000..000a76c0]
CS ETM: Queue buffer size: 0xa76c0 offset: 0 tid: 3182529 cpu: 24
CS ETM: Found format(etmq=0x84a2d0): format=2
CS ETM: aux_records: aux_size=0x95780
CS ETM: AUX fragment: file offset=0x7998898 size=30
CS ETM: AUX fragment: file offset=0x7a34948 size=30
CS ETM: AUX fragment: file offset=0x7ad6358 size=30
CS ETM: AUX fragment: file offset=0x7b73088 size=30
CS ETM: AUX fragment: file offset=0x7c25ab8 size=30
CS ETM: AUX fragment: file offset=0x7ccdee8 size=30
CS ETM: AUX fragment: file offset=0x7d7acd8 size=30
CS ETM: AUX fragment: file offset=0x7e15cc8 size=30
CS ETM: AUX fragment: file offset=0x7eb3518 size=30
CS ETM: AUX fragment: file offset=0x7f4f0c8 size=30
CS ETM: AUX fragment: file offset=0x7ff4cb8 size=30
CS ETM: AUX fragment: file offset=0x8092768 size=30
CS ETM: AUX fragment: file offset=0x8138838 size=30
CS ETM: AUX fragment: file offset=0x81e6488 size=30
CS ETM: AUX fragment: file offset=0x82a4578 size=30
CS ETM: AUX fragment: file offset=0x8357968 size=30
CS ETM: AUX fragment: file offset=0x84065d8 size=30
CS ETM: AUX fragment: file offset=0x84be128 size=30
CS ETM: AUX fragment: file offset=0x85603d8 size=30
CS ETM: AUX fragment: file offset=0x85ff2c8 size=30
CS ETM: AUX fragment: file offset=0x8686358 size=30
CS ETM: AUX fragment: file offset=0x87210a8 size=30
CS ETM: AUX fragment: file offset=0x87d05f8 size=30
CS ETM: AUX fragment: file offset=0x88747e8 size=30
CS ETM: AUX fragment: file offset=0x8925bf8 size=30
CS ETM: AUX fragment: file offset=0x89ceb28 size=30
CS ETM: aux_event range     : [00000000..00095780]
CS ETM: auxtrace_event range: [00000000..00095780]
CS ETM: Queue buffer size: 0x95780 offset: 0 tid: 3182529 cpu: 25
CS ETM: Found format(etmq=0x84a3d0): format=2
CS ETM: aux_records: aux_size=0x9ba00
CS ETM: AUX fragment: file offset=0x7998898 size=30
CS ETM: AUX fragment: file offset=0x7a34948 size=30
CS ETM: AUX fragment: file offset=0x7ad6358 size=30
CS ETM: AUX fragment: file offset=0x7b73088 size=30
CS ETM: AUX fragment: file offset=0x7c25ab8 size=30
CS ETM: AUX fragment: file offset=0x7ccdee8 size=30
CS ETM: AUX fragment: file offset=0x7d7acd8 size=30
CS ETM: AUX fragment: file offset=0x7e15cc8 size=30
CS ETM: AUX fragment: file offset=0x7eb3518 size=30
CS ETM: AUX fragment: file offset=0x7f4f0c8 size=30
CS ETM: AUX fragment: file offset=0x7ff4cb8 size=30
CS ETM: AUX fragment: file offset=0x8092768 size=30
CS ETM: AUX fragment: file offset=0x8138838 size=30
CS ETM: AUX fragment: file offset=0x81e6488 size=30
CS ETM: AUX fragment: file offset=0x82a4578 size=30
CS ETM: AUX fragment: file offset=0x8357968 size=30
CS ETM: AUX fragment: file offset=0x84065d8 size=30
CS ETM: AUX fragment: file offset=0x84be128 size=30
CS ETM: AUX fragment: file offset=0x85603d8 size=30
CS ETM: AUX fragment: file offset=0x85ff2c8 size=30
CS ETM: AUX fragment: file offset=0x8686358 size=30
CS ETM: AUX fragment: file offset=0x87210a8 size=30
CS ETM: AUX fragment: file offset=0x87d05f8 size=30
CS ETM: AUX fragment: file offset=0x88747e8 size=30
CS ETM: AUX fragment: file offset=0x8925bf8 size=30
CS ETM: AUX fragment: file offset=0x89ceb28 size=30
CS ETM: AUX fragment: file offset=0x8a65518 size=30
CS ETM: aux_event range     : [00000000..0009ba00]
CS ETM: auxtrace_event range: [00000000..0009ba00]
CS ETM: Queue buffer size: 0x9ba00 offset: 0 tid: 3182529 cpu: 26
CS ETM: Found format(etmq=0x84a4d0): format=2
CS ETM: aux_records: aux_size=0x9ae40
CS ETM: AUX fragment: file offset=0x7998898 size=30
CS ETM: AUX fragment: file offset=0x7a34948 size=30
CS ETM: AUX fragment: file offset=0x7ad6358 size=30
CS ETM: AUX fragment: file offset=0x7b73088 size=30
CS ETM: AUX fragment: file offset=0x7c25ab8 size=30
CS ETM: AUX fragment: file offset=0x7ccdee8 size=30
CS ETM: AUX fragment: file offset=0x7d7acd8 size=30
CS ETM: AUX fragment: file offset=0x7e15cc8 size=30
CS ETM: AUX fragment: file offset=0x7eb3518 size=30
CS ETM: AUX fragment: file offset=0x7f4f0c8 size=30
CS ETM: AUX fragment: file offset=0x7ff4cb8 size=30
CS ETM: AUX fragment: file offset=0x8092768 size=30
CS ETM: AUX fragment: file offset=0x8138838 size=30
CS ETM: AUX fragment: file offset=0x81e6488 size=30
CS ETM: AUX fragment: file offset=0x82a4578 size=30
CS ETM: AUX fragment: file offset=0x8357968 size=30
CS ETM: AUX fragment: file offset=0x84065d8 size=30
CS ETM: AUX fragment: file offset=0x84be128 size=30
CS ETM: AUX fragment: file offset=0x85603d8 size=30
CS ETM: AUX fragment: file offset=0x85ff2c8 size=30
CS ETM: AUX fragment: file offset=0x8686358 size=30
CS ETM: AUX fragment: file offset=0x87210a8 size=30
CS ETM: AUX fragment: file offset=0x87d05f8 size=30
CS ETM: AUX fragment: file offset=0x88747e8 size=30
CS ETM: AUX fragment: file offset=0x8925bf8 size=30
CS ETM: AUX fragment: file offset=0x89ceb28 size=30
CS ETM: AUX fragment: file offset=0x8a65518 size=30
CS ETM: AUX fragment: file offset=0x8b01708 size=30
CS ETM: aux_event range     : [00000000..0009ae40]
CS ETM: auxtrace_event range: [00000000..0009ae40]
CS ETM: Queue buffer size: 0x9ae40 offset: 0 tid: 3182529 cpu: 27
CS ETM: Found format(etmq=0x84a5d0): format=2
CS ETM: aux_records: aux_size=0xc3080
CS ETM: AUX fragment: file offset=0x7998898 size=30
CS ETM: AUX fragment: file offset=0x7a34948 size=30
CS ETM: AUX fragment: file offset=0x7ad6358 size=30
CS ETM: AUX fragment: file offset=0x7b73088 size=30
CS ETM: AUX fragment: file offset=0x7c25ab8 size=30
CS ETM: AUX fragment: file offset=0x7ccdee8 size=30
CS ETM: AUX fragment: file offset=0x7d7acd8 size=30
CS ETM: AUX fragment: file offset=0x7e15cc8 size=30
CS ETM: AUX fragment: file offset=0x7eb3518 size=30
CS ETM: AUX fragment: file offset=0x7f4f0c8 size=30
CS ETM: AUX fragment: file offset=0x7ff4cb8 size=30
CS ETM: AUX fragment: file offset=0x8092768 size=30
CS ETM: AUX fragment: file offset=0x8138838 size=30
CS ETM: AUX fragment: file offset=0x81e6488 size=30
CS ETM: AUX fragment: file offset=0x82a4578 size=30
CS ETM: AUX fragment: file offset=0x8357968 size=30
CS ETM: AUX fragment: file offset=0x84065d8 size=30
CS ETM: AUX fragment: file offset=0x84be128 size=30
CS ETM: AUX fragment: file offset=0x85603d8 size=30
CS ETM: AUX fragment: file offset=0x85ff2c8 size=30
CS ETM: AUX fragment: file offset=0x8686358 size=30
CS ETM: AUX fragment: file offset=0x87210a8 size=30
CS ETM: AUX fragment: file offset=0x87d05f8 size=30
CS ETM: AUX fragment: file offset=0x88747e8 size=30
CS ETM: AUX fragment: file offset=0x8925bf8 size=30
CS ETM: AUX fragment: file offset=0x89ceb28 size=30
CS ETM: AUX fragment: file offset=0x8a65518 size=30
CS ETM: AUX fragment: file offset=0x8b01708 size=30
CS ETM: AUX fragment: file offset=0x8b9cd38 size=30
CS ETM: aux_event range     : [00000000..000c3080]
CS ETM: auxtrace_event range: [00000000..000c3080]
CS ETM: Queue buffer size: 0xc3080 offset: 0 tid: 3182529 cpu: 28
CS ETM: Found format(etmq=0x84a6d0): format=2
CS ETM: aux_records: aux_size=0xa2200
CS ETM: AUX fragment: file offset=0x7998898 size=30
CS ETM: AUX fragment: file offset=0x7a34948 size=30
CS ETM: AUX fragment: file offset=0x7ad6358 size=30
CS ETM: AUX fragment: file offset=0x7b73088 size=30
CS ETM: AUX fragment: file offset=0x7c25ab8 size=30
CS ETM: AUX fragment: file offset=0x7ccdee8 size=30
CS ETM: AUX fragment: file offset=0x7d7acd8 size=30
CS ETM: AUX fragment: file offset=0x7e15cc8 size=30
CS ETM: AUX fragment: file offset=0x7eb3518 size=30
CS ETM: AUX fragment: file offset=0x7f4f0c8 size=30
CS ETM: AUX fragment: file offset=0x7ff4cb8 size=30
CS ETM: AUX fragment: file offset=0x8092768 size=30
CS ETM: AUX fragment: file offset=0x8138838 size=30
CS ETM: AUX fragment: file offset=0x81e6488 size=30
CS ETM: AUX fragment: file offset=0x82a4578 size=30
CS ETM: AUX fragment: file offset=0x8357968 size=30
CS ETM: AUX fragment: file offset=0x84065d8 size=30
CS ETM: AUX fragment: file offset=0x84be128 size=30
CS ETM: AUX fragment: file offset=0x85603d8 size=30
CS ETM: AUX fragment: file offset=0x85ff2c8 size=30
CS ETM: AUX fragment: file offset=0x8686358 size=30
CS ETM: AUX fragment: file offset=0x87210a8 size=30
CS ETM: AUX fragment: file offset=0x87d05f8 size=30
CS ETM: AUX fragment: file offset=0x88747e8 size=30
CS ETM: AUX fragment: file offset=0x8925bf8 size=30
CS ETM: AUX fragment: file offset=0x89ceb28 size=30
CS ETM: AUX fragment: file offset=0x8a65518 size=30
CS ETM: AUX fragment: file offset=0x8b01708 size=30
CS ETM: AUX fragment: file offset=0x8b9cd38 size=30
CS ETM: AUX fragment: file offset=0x8c605a8 size=30
CS ETM: aux_event range     : [00000000..000a2200]
CS ETM: auxtrace_event range: [00000000..000a2200]
CS ETM: Queue buffer size: 0xa2200 offset: 0 tid: 3182529 cpu: 29
CS ETM: Found format(etmq=0x84a7d0): format=2
CS ETM: aux_records: aux_size=0x9c280
CS ETM: AUX fragment: file offset=0x7998898 size=30
CS ETM: AUX fragment: file offset=0x7a34948 size=30
CS ETM: AUX fragment: file offset=0x7ad6358 size=30
CS ETM: AUX fragment: file offset=0x7b73088 size=30
CS ETM: AUX fragment: file offset=0x7c25ab8 size=30
CS ETM: AUX fragment: file offset=0x7ccdee8 size=30
CS ETM: AUX fragment: file offset=0x7d7acd8 size=30
CS ETM: AUX fragment: file offset=0x7e15cc8 size=30
CS ETM: AUX fragment: file offset=0x7eb3518 size=30
CS ETM: AUX fragment: file offset=0x7f4f0c8 size=30
CS ETM: AUX fragment: file offset=0x7ff4cb8 size=30
CS ETM: AUX fragment: file offset=0x8092768 size=30
CS ETM: AUX fragment: file offset=0x8138838 size=30
CS ETM: AUX fragment: file offset=0x81e6488 size=30
CS ETM: AUX fragment: file offset=0x82a4578 size=30
CS ETM: AUX fragment: file offset=0x8357968 size=30
CS ETM: AUX fragment: file offset=0x84065d8 size=30
CS ETM: AUX fragment: file offset=0x84be128 size=30
CS ETM: AUX fragment: file offset=0x85603d8 size=30
CS ETM: AUX fragment: file offset=0x85ff2c8 size=30
CS ETM: AUX fragment: file offset=0x8686358 size=30
CS ETM: AUX fragment: file offset=0x87210a8 size=30
CS ETM: AUX fragment: file offset=0x87d05f8 size=30
CS ETM: AUX fragment: file offset=0x88747e8 size=30
CS ETM: AUX fragment: file offset=0x8925bf8 size=30
CS ETM: AUX fragment: file offset=0x89ceb28 size=30
CS ETM: AUX fragment: file offset=0x8a65518 size=30
CS ETM: AUX fragment: file offset=0x8b01708 size=30
CS ETM: AUX fragment: file offset=0x8b9cd38 size=30
CS ETM: AUX fragment: file offset=0x8c605a8 size=30
CS ETM: AUX fragment: file offset=0x8d034d8 size=30
CS ETM: aux_event range     : [00000000..0009c280]
CS ETM: auxtrace_event range: [00000000..0009c280]
CS ETM: Queue buffer size: 0x9c280 offset: 0 tid: 3182529 cpu: 30
CS ETM: Found format(etmq=0x84a8d0): format=2
CS ETM: aux_records: aux_size=0x8d040
CS ETM: AUX fragment: file offset=0x7998898 size=30
CS ETM: AUX fragment: file offset=0x7a34948 size=30
CS ETM: AUX fragment: file offset=0x7ad6358 size=30
CS ETM: AUX fragment: file offset=0x7b73088 size=30
CS ETM: AUX fragment: file offset=0x7c25ab8 size=30
CS ETM: AUX fragment: file offset=0x7ccdee8 size=30
CS ETM: AUX fragment: file offset=0x7d7acd8 size=30
CS ETM: AUX fragment: file offset=0x7e15cc8 size=30
CS ETM: AUX fragment: file offset=0x7eb3518 size=30
CS ETM: AUX fragment: file offset=0x7f4f0c8 size=30
CS ETM: AUX fragment: file offset=0x7ff4cb8 size=30
CS ETM: AUX fragment: file offset=0x8092768 size=30
CS ETM: AUX fragment: file offset=0x8138838 size=30
CS ETM: AUX fragment: file offset=0x81e6488 size=30
CS ETM: AUX fragment: file offset=0x82a4578 size=30
CS ETM: AUX fragment: file offset=0x8357968 size=30
CS ETM: AUX fragment: file offset=0x84065d8 size=30
CS ETM: AUX fragment: file offset=0x84be128 size=30
CS ETM: AUX fragment: file offset=0x85603d8 size=30
CS ETM: AUX fragment: file offset=0x85ff2c8 size=30
CS ETM: AUX fragment: file offset=0x8686358 size=30
CS ETM: AUX fragment: file offset=0x87210a8 size=30
CS ETM: AUX fragment: file offset=0x87d05f8 size=30
CS ETM: AUX fragment: file offset=0x88747e8 size=30
CS ETM: AUX fragment: file offset=0x8925bf8 size=30
CS ETM: AUX fragment: file offset=0x89ceb28 size=30
CS ETM: AUX fragment: file offset=0x8a65518 size=30
CS ETM: AUX fragment: file offset=0x8b01708 size=30
CS ETM: AUX fragment: file offset=0x8b9cd38 size=30
CS ETM: AUX fragment: file offset=0x8c605a8 size=30
CS ETM: AUX fragment: file offset=0x8d034d8 size=30
CS ETM: AUX fragment: file offset=0x8da15c8 size=30
CS ETM: aux_event range     : [00000000..0008d040]
CS ETM: auxtrace_event range: [00000000..0008d040]
CS ETM: Queue buffer size: 0x8d040 offset: 0 tid: 3182529 cpu: 31
CS ETM: Found format(etmq=0x84a9d0): format=2
CS ETM: aux_records: aux_size=0xacb80
CS ETM: AUX fragment: file offset=0x7998898 size=30
CS ETM: AUX fragment: file offset=0x7a34948 size=30
CS ETM: AUX fragment: file offset=0x7ad6358 size=30
CS ETM: AUX fragment: file offset=0x7b73088 size=30
CS ETM: AUX fragment: file offset=0x7c25ab8 size=30
CS ETM: AUX fragment: file offset=0x7ccdee8 size=30
CS ETM: AUX fragment: file offset=0x7d7acd8 size=30
CS ETM: AUX fragment: file offset=0x7e15cc8 size=30
CS ETM: AUX fragment: file offset=0x7eb3518 size=30
CS ETM: AUX fragment: file offset=0x7f4f0c8 size=30
CS ETM: AUX fragment: file offset=0x7ff4cb8 size=30
CS ETM: AUX fragment: file offset=0x8092768 size=30
CS ETM: AUX fragment: file offset=0x8138838 size=30
CS ETM: AUX fragment: file offset=0x81e6488 size=30
CS ETM: AUX fragment: file offset=0x82a4578 size=30
CS ETM: AUX fragment: file offset=0x8357968 size=30
CS ETM: AUX fragment: file offset=0x84065d8 size=30
CS ETM: AUX fragment: file offset=0x84be128 size=30
CS ETM: AUX fragment: file offset=0x85603d8 size=30
CS ETM: AUX fragment: file offset=0x85ff2c8 size=30
CS ETM: AUX fragment: file offset=0x8686358 size=30
CS ETM: AUX fragment: file offset=0x87210a8 size=30
CS ETM: AUX fragment: file offset=0x87d05f8 size=30
CS ETM: AUX fragment: file offset=0x88747e8 size=30
CS ETM: AUX fragment: file offset=0x8925bf8 size=30
CS ETM: AUX fragment: file offset=0x89ceb28 size=30
CS ETM: AUX fragment: file offset=0x8a65518 size=30
CS ETM: AUX fragment: file offset=0x8b01708 size=30
CS ETM: AUX fragment: file offset=0x8b9cd38 size=30
CS ETM: AUX fragment: file offset=0x8c605a8 size=30
CS ETM: AUX fragment: file offset=0x8d034d8 size=30
CS ETM: AUX fragment: file offset=0x8da15c8 size=30
CS ETM: AUX fragment: file offset=0x8e2f2d8 size=30
CS ETM: aux_event range     : [00000000..000acb80]
CS ETM: auxtrace_event range: [00000000..000acb80]
CS ETM: Queue buffer size: 0xacb80 offset: 0 tid: 3182529 cpu: 32
CS ETM: Found format(etmq=0x84aad0): format=2
CS ETM: aux_records: aux_size=0xa06c0
CS ETM: AUX fragment: file offset=0x7998898 size=30
CS ETM: AUX fragment: file offset=0x7a34948 size=30
CS ETM: AUX fragment: file offset=0x7ad6358 size=30
CS ETM: AUX fragment: file offset=0x7b73088 size=30
CS ETM: AUX fragment: file offset=0x7c25ab8 size=30
CS ETM: AUX fragment: file offset=0x7ccdee8 size=30
CS ETM: AUX fragment: file offset=0x7d7acd8 size=30
CS ETM: AUX fragment: file offset=0x7e15cc8 size=30
CS ETM: AUX fragment: file offset=0x7eb3518 size=30
CS ETM: AUX fragment: file offset=0x7f4f0c8 size=30
CS ETM: AUX fragment: file offset=0x7ff4cb8 size=30
CS ETM: AUX fragment: file offset=0x8092768 size=30
CS ETM: AUX fragment: file offset=0x8138838 size=30
CS ETM: AUX fragment: file offset=0x81e6488 size=30
CS ETM: AUX fragment: file offset=0x82a4578 size=30
CS ETM: AUX fragment: file offset=0x8357968 size=30
CS ETM: AUX fragment: file offset=0x84065d8 size=30
CS ETM: AUX fragment: file offset=0x84be128 size=30
CS ETM: AUX fragment: file offset=0x85603d8 size=30
CS ETM: AUX fragment: file offset=0x85ff2c8 size=30
CS ETM: AUX fragment: file offset=0x8686358 size=30
CS ETM: AUX fragment: file offset=0x87210a8 size=30
CS ETM: AUX fragment: file offset=0x87d05f8 size=30
CS ETM: AUX fragment: file offset=0x88747e8 size=30
CS ETM: AUX fragment: file offset=0x8925bf8 size=30
CS ETM: AUX fragment: file offset=0x89ceb28 size=30
CS ETM: AUX fragment: file offset=0x8a65518 size=30
CS ETM: AUX fragment: file offset=0x8b01708 size=30
CS ETM: AUX fragment: file offset=0x8b9cd38 size=30
CS ETM: AUX fragment: file offset=0x8c605a8 size=30
CS ETM: AUX fragment: file offset=0x8d034d8 size=30
CS ETM: AUX fragment: file offset=0x8da15c8 size=30
CS ETM: AUX fragment: file offset=0x8e2f2d8 size=30
CS ETM: AUX fragment: file offset=0x8edc528 size=30
CS ETM: aux_event range     : [00000000..000a06c0]
CS ETM: auxtrace_event range: [00000000..000a06c0]
CS ETM: Queue buffer size: 0xa06c0 offset: 0 tid: 3182529 cpu: 33
CS ETM: Found format(etmq=0x84abd0): format=2
CS ETM: aux_records: aux_size=0x96d00
CS ETM: AUX fragment: file offset=0x7998898 size=30
CS ETM: AUX fragment: file offset=0x7a34948 size=30
CS ETM: AUX fragment: file offset=0x7ad6358 size=30
CS ETM: AUX fragment: file offset=0x7b73088 size=30
CS ETM: AUX fragment: file offset=0x7c25ab8 size=30
CS ETM: AUX fragment: file offset=0x7ccdee8 size=30
CS ETM: AUX fragment: file offset=0x7d7acd8 size=30
CS ETM: AUX fragment: file offset=0x7e15cc8 size=30
CS ETM: AUX fragment: file offset=0x7eb3518 size=30
CS ETM: AUX fragment: file offset=0x7f4f0c8 size=30
CS ETM: AUX fragment: file offset=0x7ff4cb8 size=30
CS ETM: AUX fragment: file offset=0x8092768 size=30
CS ETM: AUX fragment: file offset=0x8138838 size=30
CS ETM: AUX fragment: file offset=0x81e6488 size=30
CS ETM: AUX fragment: file offset=0x82a4578 size=30
CS ETM: AUX fragment: file offset=0x8357968 size=30
CS ETM: AUX fragment: file offset=0x84065d8 size=30
CS ETM: AUX fragment: file offset=0x84be128 size=30
CS ETM: AUX fragment: file offset=0x85603d8 size=30
CS ETM: AUX fragment: file offset=0x85ff2c8 size=30
CS ETM: AUX fragment: file offset=0x8686358 size=30
CS ETM: AUX fragment: file offset=0x87210a8 size=30
CS ETM: AUX fragment: file offset=0x87d05f8 size=30
CS ETM: AUX fragment: file offset=0x88747e8 size=30
CS ETM: AUX fragment: file offset=0x8925bf8 size=30
CS ETM: AUX fragment: file offset=0x89ceb28 size=30
CS ETM: AUX fragment: file offset=0x8a65518 size=30
CS ETM: AUX fragment: file offset=0x8b01708 size=30
CS ETM: AUX fragment: file offset=0x8b9cd38 size=30
CS ETM: AUX fragment: file offset=0x8c605a8 size=30
CS ETM: AUX fragment: file offset=0x8d034d8 size=30
CS ETM: AUX fragment: file offset=0x8da15c8 size=30
CS ETM: AUX fragment: file offset=0x8e2f2d8 size=30
CS ETM: AUX fragment: file offset=0x8edc528 size=30
CS ETM: AUX fragment: file offset=0x8f7e518 size=30
CS ETM: aux_event range     : [00000000..00096d00]
CS ETM: auxtrace_event range: [00000000..00096d00]
CS ETM: Queue buffer size: 0x96d00 offset: 0 tid: 3182529 cpu: 34
CS ETM: Found format(etmq=0x84acd0): format=2
CS ETM: aux_records: aux_size=0x99740
CS ETM: AUX fragment: file offset=0x7998898 size=30
CS ETM: AUX fragment: file offset=0x7a34948 size=30
CS ETM: AUX fragment: file offset=0x7ad6358 size=30
CS ETM: AUX fragment: file offset=0x7b73088 size=30
CS ETM: AUX fragment: file offset=0x7c25ab8 size=30
CS ETM: AUX fragment: file offset=0x7ccdee8 size=30
CS ETM: AUX fragment: file offset=0x7d7acd8 size=30
CS ETM: AUX fragment: file offset=0x7e15cc8 size=30
CS ETM: AUX fragment: file offset=0x7eb3518 size=30
CS ETM: AUX fragment: file offset=0x7f4f0c8 size=30
CS ETM: AUX fragment: file offset=0x7ff4cb8 size=30
CS ETM: AUX fragment: file offset=0x8092768 size=30
CS ETM: AUX fragment: file offset=0x8138838 size=30
CS ETM: AUX fragment: file offset=0x81e6488 size=30
CS ETM: AUX fragment: file offset=0x82a4578 size=30
CS ETM: AUX fragment: file offset=0x8357968 size=30
CS ETM: AUX fragment: file offset=0x84065d8 size=30
CS ETM: AUX fragment: file offset=0x84be128 size=30
CS ETM: AUX fragment: file offset=0x85603d8 size=30
CS ETM: AUX fragment: file offset=0x85ff2c8 size=30
CS ETM: AUX fragment: file offset=0x8686358 size=30
CS ETM: AUX fragment: file offset=0x87210a8 size=30
CS ETM: AUX fragment: file offset=0x87d05f8 size=30
CS ETM: AUX fragment: file offset=0x88747e8 size=30
CS ETM: AUX fragment: file offset=0x8925bf8 size=30
CS ETM: AUX fragment: file offset=0x89ceb28 size=30
CS ETM: AUX fragment: file offset=0x8a65518 size=30
CS ETM: AUX fragment: file offset=0x8b01708 size=30
CS ETM: AUX fragment: file offset=0x8b9cd38 size=30
CS ETM: AUX fragment: file offset=0x8c605a8 size=30
CS ETM: AUX fragment: file offset=0x8d034d8 size=30
CS ETM: AUX fragment: file offset=0x8da15c8 size=30
CS ETM: AUX fragment: file offset=0x8e2f2d8 size=30
CS ETM: AUX fragment: file offset=0x8edc528 size=30
CS ETM: AUX fragment: file offset=0x8f7e518 size=30
CS ETM: AUX fragment: file offset=0x9015dc8 size=30
CS ETM: aux_event range     : [00000000..00099740]
CS ETM: auxtrace_event range: [00000000..00099740]
CS ETM: Queue buffer size: 0x99740 offset: 0 tid: 3182529 cpu: 35
CS ETM: Found format(etmq=0x84add0): format=2
CS ETM: aux_records: aux_size=0xab940
CS ETM: AUX fragment: file offset=0x7998898 size=30
CS ETM: AUX fragment: file offset=0x7a34948 size=30
CS ETM: AUX fragment: file offset=0x7ad6358 size=30
CS ETM: AUX fragment: file offset=0x7b73088 size=30
CS ETM: AUX fragment: file offset=0x7c25ab8 size=30
CS ETM: AUX fragment: file offset=0x7ccdee8 size=30
CS ETM: AUX fragment: file offset=0x7d7acd8 size=30
CS ETM: AUX fragment: file offset=0x7e15cc8 size=30
CS ETM: AUX fragment: file offset=0x7eb3518 size=30
CS ETM: AUX fragment: file offset=0x7f4f0c8 size=30
CS ETM: AUX fragment: file offset=0x7ff4cb8 size=30
CS ETM: AUX fragment: file offset=0x8092768 size=30
CS ETM: AUX fragment: file offset=0x8138838 size=30
CS ETM: AUX fragment: file offset=0x81e6488 size=30
CS ETM: AUX fragment: file offset=0x82a4578 size=30
CS ETM: AUX fragment: file offset=0x8357968 size=30
CS ETM: AUX fragment: file offset=0x84065d8 size=30
CS ETM: AUX fragment: file offset=0x84be128 size=30
CS ETM: AUX fragment: file offset=0x85603d8 size=30
CS ETM: AUX fragment: file offset=0x85ff2c8 size=30
CS ETM: AUX fragment: file offset=0x8686358 size=30
CS ETM: AUX fragment: file offset=0x87210a8 size=30
CS ETM: AUX fragment: file offset=0x87d05f8 size=30
CS ETM: AUX fragment: file offset=0x88747e8 size=30
CS ETM: AUX fragment: file offset=0x8925bf8 size=30
CS ETM: AUX fragment: file offset=0x89ceb28 size=30
CS ETM: AUX fragment: file offset=0x8a65518 size=30
CS ETM: AUX fragment: file offset=0x8b01708 size=30
CS ETM: AUX fragment: file offset=0x8b9cd38 size=30
CS ETM: AUX fragment: file offset=0x8c605a8 size=30
CS ETM: AUX fragment: file offset=0x8d034d8 size=30
CS ETM: AUX fragment: file offset=0x8da15c8 size=30
CS ETM: AUX fragment: file offset=0x8e2f2d8 size=30
CS ETM: AUX fragment: file offset=0x8edc528 size=30
CS ETM: AUX fragment: file offset=0x8f7e518 size=30
CS ETM: AUX fragment: file offset=0x9015dc8 size=30
CS ETM: AUX fragment: file offset=0x90b0178 size=30
CS ETM: aux_event range     : [00000000..000ab940]
CS ETM: auxtrace_event range: [00000000..000ab940]
CS ETM: Queue buffer size: 0xab940 offset: 0 tid: 3182529 cpu: 36
CS ETM: Found format(etmq=0x84aed0): format=2
CS ETM: aux_records: aux_size=0x99640
CS ETM: AUX fragment: file offset=0x7998898 size=30
CS ETM: AUX fragment: file offset=0x7a34948 size=30
CS ETM: AUX fragment: file offset=0x7ad6358 size=30
CS ETM: AUX fragment: file offset=0x7b73088 size=30
CS ETM: AUX fragment: file offset=0x7c25ab8 size=30
CS ETM: AUX fragment: file offset=0x7ccdee8 size=30
CS ETM: AUX fragment: file offset=0x7d7acd8 size=30
CS ETM: AUX fragment: file offset=0x7e15cc8 size=30
CS ETM: AUX fragment: file offset=0x7eb3518 size=30
CS ETM: AUX fragment: file offset=0x7f4f0c8 size=30
CS ETM: AUX fragment: file offset=0x7ff4cb8 size=30
CS ETM: AUX fragment: file offset=0x8092768 size=30
CS ETM: AUX fragment: file offset=0x8138838 size=30
CS ETM: AUX fragment: file offset=0x81e6488 size=30
CS ETM: AUX fragment: file offset=0x82a4578 size=30
CS ETM: AUX fragment: file offset=0x8357968 size=30
CS ETM: AUX fragment: file offset=0x84065d8 size=30
CS ETM: AUX fragment: file offset=0x84be128 size=30
CS ETM: AUX fragment: file offset=0x85603d8 size=30
CS ETM: AUX fragment: file offset=0x85ff2c8 size=30
CS ETM: AUX fragment: file offset=0x8686358 size=30
CS ETM: AUX fragment: file offset=0x87210a8 size=30
CS ETM: AUX fragment: file offset=0x87d05f8 size=30
CS ETM: AUX fragment: file offset=0x88747e8 size=30
CS ETM: AUX fragment: file offset=0x8925bf8 size=30
CS ETM: AUX fragment: file offset=0x89ceb28 size=30
CS ETM: AUX fragment: file offset=0x8a65518 size=30
CS ETM: AUX fragment: file offset=0x8b01708 size=30
CS ETM: AUX fragment: file offset=0x8b9cd38 size=30
CS ETM: AUX fragment: file offset=0x8c605a8 size=30
CS ETM: AUX fragment: file offset=0x8d034d8 size=30
CS ETM: AUX fragment: file offset=0x8da15c8 size=30
CS ETM: AUX fragment: file offset=0x8e2f2d8 size=30
CS ETM: AUX fragment: file offset=0x8edc528 size=30
CS ETM: AUX fragment: file offset=0x8f7e518 size=30
CS ETM: AUX fragment: file offset=0x9015dc8 size=30
CS ETM: AUX fragment: file offset=0x90b0178 size=30
CS ETM: AUX fragment: file offset=0x915d7a8 size=30
CS ETM: aux_event range     : [00000000..00099640]
CS ETM: auxtrace_event range: [00000000..00099640]
CS ETM: Queue buffer size: 0x99640 offset: 0 tid: 3182529 cpu: 37
CS ETM: Found format(etmq=0x84afd0): format=2
CS ETM: aux_records: aux_size=0xb4c80
CS ETM: AUX fragment: file offset=0x7998898 size=30
CS ETM: AUX fragment: file offset=0x7a34948 size=30
CS ETM: AUX fragment: file offset=0x7ad6358 size=30
CS ETM: AUX fragment: file offset=0x7b73088 size=30
CS ETM: AUX fragment: file offset=0x7c25ab8 size=30
CS ETM: AUX fragment: file offset=0x7ccdee8 size=30
CS ETM: AUX fragment: file offset=0x7d7acd8 size=30
CS ETM: AUX fragment: file offset=0x7e15cc8 size=30
CS ETM: AUX fragment: file offset=0x7eb3518 size=30
CS ETM: AUX fragment: file offset=0x7f4f0c8 size=30
CS ETM: AUX fragment: file offset=0x7ff4cb8 size=30
CS ETM: AUX fragment: file offset=0x8092768 size=30
CS ETM: AUX fragment: file offset=0x8138838 size=30
CS ETM: AUX fragment: file offset=0x81e6488 size=30
CS ETM: AUX fragment: file offset=0x82a4578 size=30
CS ETM: AUX fragment: file offset=0x8357968 size=30
CS ETM: AUX fragment: file offset=0x84065d8 size=30
CS ETM: AUX fragment: file offset=0x84be128 size=30
CS ETM: AUX fragment: file offset=0x85603d8 size=30
CS ETM: AUX fragment: file offset=0x85ff2c8 size=30
CS ETM: AUX fragment: file offset=0x8686358 size=30
CS ETM: AUX fragment: file offset=0x87210a8 size=30
CS ETM: AUX fragment: file offset=0x87d05f8 size=30
CS ETM: AUX fragment: file offset=0x88747e8 size=30
CS ETM: AUX fragment: file offset=0x8925bf8 size=30
CS ETM: AUX fragment: file offset=0x89ceb28 size=30
CS ETM: AUX fragment: file offset=0x8a65518 size=30
CS ETM: AUX fragment: file offset=0x8b01708 size=30
CS ETM: AUX fragment: file offset=0x8b9cd38 size=30
CS ETM: AUX fragment: file offset=0x8c605a8 size=30
CS ETM: AUX fragment: file offset=0x8d034d8 size=30
CS ETM: AUX fragment: file offset=0x8da15c8 size=30
CS ETM: AUX fragment: file offset=0x8e2f2d8 size=30
CS ETM: AUX fragment: file offset=0x8edc528 size=30
CS ETM: AUX fragment: file offset=0x8f7e518 size=30
CS ETM: AUX fragment: file offset=0x9015dc8 size=30
CS ETM: AUX fragment: file offset=0x90b0178 size=30
CS ETM: AUX fragment: file offset=0x915d7a8 size=30
CS ETM: AUX fragment: file offset=0x91f7f38 size=30
CS ETM: aux_event range     : [00000000..000b4c80]
CS ETM: auxtrace_event range: [00000000..000b4c80]
CS ETM: Queue buffer size: 0xb4c80 offset: 0 tid: 3182529 cpu: 38
CS ETM: Found format(etmq=0x84b0d0): format=2
CS ETM: aux_records: aux_size=0xadb80
CS ETM: AUX fragment: file offset=0x7998898 size=30
CS ETM: AUX fragment: file offset=0x7a34948 size=30
CS ETM: AUX fragment: file offset=0x7ad6358 size=30
CS ETM: AUX fragment: file offset=0x7b73088 size=30
CS ETM: AUX fragment: file offset=0x7c25ab8 size=30
CS ETM: AUX fragment: file offset=0x7ccdee8 size=30
CS ETM: AUX fragment: file offset=0x7d7acd8 size=30
CS ETM: AUX fragment: file offset=0x7e15cc8 size=30
CS ETM: AUX fragment: file offset=0x7eb3518 size=30
CS ETM: AUX fragment: file offset=0x7f4f0c8 size=30
CS ETM: AUX fragment: file offset=0x7ff4cb8 size=30
CS ETM: AUX fragment: file offset=0x8092768 size=30
CS ETM: AUX fragment: file offset=0x8138838 size=30
CS ETM: AUX fragment: file offset=0x81e6488 size=30
CS ETM: AUX fragment: file offset=0x82a4578 size=30
CS ETM: AUX fragment: file offset=0x8357968 size=30
CS ETM: AUX fragment: file offset=0x84065d8 size=30
CS ETM: AUX fragment: file offset=0x84be128 size=30
CS ETM: AUX fragment: file offset=0x85603d8 size=30
CS ETM: AUX fragment: file offset=0x85ff2c8 size=30
CS ETM: AUX fragment: file offset=0x8686358 size=30
CS ETM: AUX fragment: file offset=0x87210a8 size=30
CS ETM: AUX fragment: file offset=0x87d05f8 size=30
CS ETM: AUX fragment: file offset=0x88747e8 size=30
CS ETM: AUX fragment: file offset=0x8925bf8 size=30
CS ETM: AUX fragment: file offset=0x89ceb28 size=30
CS ETM: AUX fragment: file offset=0x8a65518 size=30
CS ETM: AUX fragment: file offset=0x8b01708 size=30
CS ETM: AUX fragment: file offset=0x8b9cd38 size=30
CS ETM: AUX fragment: file offset=0x8c605a8 size=30
CS ETM: AUX fragment: file offset=0x8d034d8 size=30
CS ETM: AUX fragment: file offset=0x8da15c8 size=30
CS ETM: AUX fragment: file offset=0x8e2f2d8 size=30
CS ETM: AUX fragment: file offset=0x8edc528 size=30
CS ETM: AUX fragment: file offset=0x8f7e518 size=30
CS ETM: AUX fragment: file offset=0x9015dc8 size=30
CS ETM: AUX fragment: file offset=0x90b0178 size=30
CS ETM: AUX fragment: file offset=0x915d7a8 size=30
CS ETM: AUX fragment: file offset=0x91f7f38 size=30
CS ETM: AUX fragment: file offset=0x92adfa8 size=30
CS ETM: aux_event range     : [00000000..000adb80]
CS ETM: auxtrace_event range: [00000000..000adb80]
CS ETM: Queue buffer size: 0xadb80 offset: 0 tid: 3182529 cpu: 39
CS ETM: Found format(etmq=0x84b1d0): format=2
CS ETM: aux_records: aux_size=0x9c080
CS ETM: AUX fragment: file offset=0x7998898 size=30
CS ETM: AUX fragment: file offset=0x7a34948 size=30
CS ETM: AUX fragment: file offset=0x7ad6358 size=30
CS ETM: AUX fragment: file offset=0x7b73088 size=30
CS ETM: AUX fragment: file offset=0x7c25ab8 size=30
CS ETM: AUX fragment: file offset=0x7ccdee8 size=30
CS ETM: AUX fragment: file offset=0x7d7acd8 size=30
CS ETM: AUX fragment: file offset=0x7e15cc8 size=30
CS ETM: AUX fragment: file offset=0x7eb3518 size=30
CS ETM: AUX fragment: file offset=0x7f4f0c8 size=30
CS ETM: AUX fragment: file offset=0x7ff4cb8 size=30
CS ETM: AUX fragment: file offset=0x8092768 size=30
CS ETM: AUX fragment: file offset=0x8138838 size=30
CS ETM: AUX fragment: file offset=0x81e6488 size=30
CS ETM: AUX fragment: file offset=0x82a4578 size=30
CS ETM: AUX fragment: file offset=0x8357968 size=30
CS ETM: AUX fragment: file offset=0x84065d8 size=30
CS ETM: AUX fragment: file offset=0x84be128 size=30
CS ETM: AUX fragment: file offset=0x85603d8 size=30
CS ETM: AUX fragment: file offset=0x85ff2c8 size=30
CS ETM: AUX fragment: file offset=0x8686358 size=30
CS ETM: AUX fragment: file offset=0x87210a8 size=30
CS ETM: AUX fragment: file offset=0x87d05f8 size=30
CS ETM: AUX fragment: file offset=0x88747e8 size=30
CS ETM: AUX fragment: file offset=0x8925bf8 size=30
CS ETM: AUX fragment: file offset=0x89ceb28 size=30
CS ETM: AUX fragment: file offset=0x8a65518 size=30
CS ETM: AUX fragment: file offset=0x8b01708 size=30
CS ETM: AUX fragment: file offset=0x8b9cd38 size=30
CS ETM: AUX fragment: file offset=0x8c605a8 size=30
CS ETM: AUX fragment: file offset=0x8d034d8 size=30
CS ETM: AUX fragment: file offset=0x8da15c8 size=30
CS ETM: AUX fragment: file offset=0x8e2f2d8 size=30
CS ETM: AUX fragment: file offset=0x8edc528 size=30
CS ETM: AUX fragment: file offset=0x8f7e518 size=30
CS ETM: AUX fragment: file offset=0x9015dc8 size=30
CS ETM: AUX fragment: file offset=0x90b0178 size=30
CS ETM: AUX fragment: file offset=0x915d7a8 size=30
CS ETM: AUX fragment: file offset=0x91f7f38 size=30
CS ETM: AUX fragment: file offset=0x92adfa8 size=30
CS ETM: AUX fragment: file offset=0x935c6d8 size=30
CS ETM: aux_event range     : [00000000..0009c080]
CS ETM: auxtrace_event range: [00000000..0009c080]
CS ETM: Queue buffer size: 0x9c080 offset: 0 tid: 3182529 cpu: 40
CS ETM: Found format(etmq=0x84b2d0): format=2
CS ETM: aux_records: aux_size=0xa6900
CS ETM: AUX fragment: file offset=0x7998898 size=30
CS ETM: AUX fragment: file offset=0x7a34948 size=30
CS ETM: AUX fragment: file offset=0x7ad6358 size=30
CS ETM: AUX fragment: file offset=0x7b73088 size=30
CS ETM: AUX fragment: file offset=0x7c25ab8 size=30
CS ETM: AUX fragment: file offset=0x7ccdee8 size=30
CS ETM: AUX fragment: file offset=0x7d7acd8 size=30
CS ETM: AUX fragment: file offset=0x7e15cc8 size=30
CS ETM: AUX fragment: file offset=0x7eb3518 size=30
CS ETM: AUX fragment: file offset=0x7f4f0c8 size=30
CS ETM: AUX fragment: file offset=0x7ff4cb8 size=30
CS ETM: AUX fragment: file offset=0x8092768 size=30
CS ETM: AUX fragment: file offset=0x8138838 size=30
CS ETM: AUX fragment: file offset=0x81e6488 size=30
CS ETM: AUX fragment: file offset=0x82a4578 size=30
CS ETM: AUX fragment: file offset=0x8357968 size=30
CS ETM: AUX fragment: file offset=0x84065d8 size=30
CS ETM: AUX fragment: file offset=0x84be128 size=30
CS ETM: AUX fragment: file offset=0x85603d8 size=30
CS ETM: AUX fragment: file offset=0x85ff2c8 size=30
CS ETM: AUX fragment: file offset=0x8686358 size=30
CS ETM: AUX fragment: file offset=0x87210a8 size=30
CS ETM: AUX fragment: file offset=0x87d05f8 size=30
CS ETM: AUX fragment: file offset=0x88747e8 size=30
CS ETM: AUX fragment: file offset=0x8925bf8 size=30
CS ETM: AUX fragment: file offset=0x89ceb28 size=30
CS ETM: AUX fragment: file offset=0x8a65518 size=30
CS ETM: AUX fragment: file offset=0x8b01708 size=30
CS ETM: AUX fragment: file offset=0x8b9cd38 size=30
CS ETM: AUX fragment: file offset=0x8c605a8 size=30
CS ETM: AUX fragment: file offset=0x8d034d8 size=30
CS ETM: AUX fragment: file offset=0x8da15c8 size=30
CS ETM: AUX fragment: file offset=0x8e2f2d8 size=30
CS ETM: AUX fragment: file offset=0x8edc528 size=30
CS ETM: AUX fragment: file offset=0x8f7e518 size=30
CS ETM: AUX fragment: file offset=0x9015dc8 size=30
CS ETM: AUX fragment: file offset=0x90b0178 size=30
CS ETM: AUX fragment: file offset=0x915d7a8 size=30
CS ETM: AUX fragment: file offset=0x91f7f38 size=30
CS ETM: AUX fragment: file offset=0x92adfa8 size=30
CS ETM: AUX fragment: file offset=0x935c6d8 size=30
CS ETM: AUX fragment: file offset=0x93f9848 size=30
CS ETM: aux_event range     : [00000000..000a6900]
CS ETM: auxtrace_event range: [00000000..000a6900]
CS ETM: Queue buffer size: 0xa6900 offset: 0 tid: 3182529 cpu: 41
CS ETM: Found format(etmq=0x84b3d0): format=2
CS ETM: aux_records: aux_size=0xc7700
CS ETM: AUX fragment: file offset=0x7998898 size=30
CS ETM: AUX fragment: file offset=0x7a34948 size=30
CS ETM: AUX fragment: file offset=0x7ad6358 size=30
CS ETM: AUX fragment: file offset=0x7b73088 size=30
CS ETM: AUX fragment: file offset=0x7c25ab8 size=30
CS ETM: AUX fragment: file offset=0x7ccdee8 size=30
CS ETM: AUX fragment: file offset=0x7d7acd8 size=30
CS ETM: AUX fragment: file offset=0x7e15cc8 size=30
CS ETM: AUX fragment: file offset=0x7eb3518 size=30
CS ETM: AUX fragment: file offset=0x7f4f0c8 size=30
CS ETM: AUX fragment: file offset=0x7ff4cb8 size=30
CS ETM: AUX fragment: file offset=0x8092768 size=30
CS ETM: AUX fragment: file offset=0x8138838 size=30
CS ETM: AUX fragment: file offset=0x81e6488 size=30
CS ETM: AUX fragment: file offset=0x82a4578 size=30
CS ETM: AUX fragment: file offset=0x8357968 size=30
CS ETM: AUX fragment: file offset=0x84065d8 size=30
CS ETM: AUX fragment: file offset=0x84be128 size=30
CS ETM: AUX fragment: file offset=0x85603d8 size=30
CS ETM: AUX fragment: file offset=0x85ff2c8 size=30
CS ETM: AUX fragment: file offset=0x8686358 size=30
CS ETM: AUX fragment: file offset=0x87210a8 size=30
CS ETM: AUX fragment: file offset=0x87d05f8 size=30
CS ETM: AUX fragment: file offset=0x88747e8 size=30
CS ETM: AUX fragment: file offset=0x8925bf8 size=30
CS ETM: AUX fragment: file offset=0x89ceb28 size=30
CS ETM: AUX fragment: file offset=0x8a65518 size=30
CS ETM: AUX fragment: file offset=0x8b01708 size=30
CS ETM: AUX fragment: file offset=0x8b9cd38 size=30
CS ETM: AUX fragment: file offset=0x8c605a8 size=30
CS ETM: AUX fragment: file offset=0x8d034d8 size=30
CS ETM: AUX fragment: file offset=0x8da15c8 size=30
CS ETM: AUX fragment: file offset=0x8e2f2d8 size=30
CS ETM: AUX fragment: file offset=0x8edc528 size=30
CS ETM: AUX fragment: file offset=0x8f7e518 size=30
CS ETM: AUX fragment: file offset=0x9015dc8 size=30
CS ETM: AUX fragment: file offset=0x90b0178 size=30
CS ETM: AUX fragment: file offset=0x915d7a8 size=30
CS ETM: AUX fragment: file offset=0x91f7f38 size=30
CS ETM: AUX fragment: file offset=0x92adfa8 size=30
CS ETM: AUX fragment: file offset=0x935c6d8 size=30
CS ETM: AUX fragment: file offset=0x93f9848 size=30
CS ETM: AUX fragment: file offset=0x94a1178 size=30
CS ETM: aux_event range     : [00000000..000c7700]
CS ETM: auxtrace_event range: [00000000..000c7700]
CS ETM: Queue buffer size: 0xc7700 offset: 0 tid: 3182529 cpu: 42
CS ETM: Found format(etmq=0x84b4d0): format=2
CS ETM: aux_records: aux_size=0x9fc80
CS ETM: AUX fragment: file offset=0x7998898 size=30
CS ETM: AUX fragment: file offset=0x7a34948 size=30
CS ETM: AUX fragment: file offset=0x7ad6358 size=30
CS ETM: AUX fragment: file offset=0x7b73088 size=30
CS ETM: AUX fragment: file offset=0x7c25ab8 size=30
CS ETM: AUX fragment: file offset=0x7ccdee8 size=30
CS ETM: AUX fragment: file offset=0x7d7acd8 size=30
CS ETM: AUX fragment: file offset=0x7e15cc8 size=30
CS ETM: AUX fragment: file offset=0x7eb3518 size=30
CS ETM: AUX fragment: file offset=0x7f4f0c8 size=30
CS ETM: AUX fragment: file offset=0x7ff4cb8 size=30
CS ETM: AUX fragment: file offset=0x8092768 size=30
CS ETM: AUX fragment: file offset=0x8138838 size=30
CS ETM: AUX fragment: file offset=0x81e6488 size=30
CS ETM: AUX fragment: file offset=0x82a4578 size=30
CS ETM: AUX fragment: file offset=0x8357968 size=30
CS ETM: AUX fragment: file offset=0x84065d8 size=30
CS ETM: AUX fragment: file offset=0x84be128 size=30
CS ETM: AUX fragment: file offset=0x85603d8 size=30
CS ETM: AUX fragment: file offset=0x85ff2c8 size=30
CS ETM: AUX fragment: file offset=0x8686358 size=30
CS ETM: AUX fragment: file offset=0x87210a8 size=30
CS ETM: AUX fragment: file offset=0x87d05f8 size=30
CS ETM: AUX fragment: file offset=0x88747e8 size=30
CS ETM: AUX fragment: file offset=0x8925bf8 size=30
CS ETM: AUX fragment: file offset=0x89ceb28 size=30
CS ETM: AUX fragment: file offset=0x8a65518 size=30
CS ETM: AUX fragment: file offset=0x8b01708 size=30
CS ETM: AUX fragment: file offset=0x8b9cd38 size=30
CS ETM: AUX fragment: file offset=0x8c605a8 size=30
CS ETM: AUX fragment: file offset=0x8d034d8 size=30
CS ETM: AUX fragment: file offset=0x8da15c8 size=30
CS ETM: AUX fragment: file offset=0x8e2f2d8 size=30
CS ETM: AUX fragment: file offset=0x8edc528 size=30
CS ETM: AUX fragment: file offset=0x8f7e518 size=30
CS ETM: AUX fragment: file offset=0x9015dc8 size=30
CS ETM: AUX fragment: file offset=0x90b0178 size=30
CS ETM: AUX fragment: file offset=0x915d7a8 size=30
CS ETM: AUX fragment: file offset=0x91f7f38 size=30
CS ETM: AUX fragment: file offset=0x92adfa8 size=30
CS ETM: AUX fragment: file offset=0x935c6d8 size=30
CS ETM: AUX fragment: file offset=0x93f9848 size=30
CS ETM: AUX fragment: file offset=0x94a1178 size=30
CS ETM: AUX fragment: file offset=0x956b1c8 size=30
CS ETM: aux_event range     : [00000000..0009fc80]
CS ETM: auxtrace_event range: [00000000..0009fc80]
CS ETM: Queue buffer size: 0x9fc80 offset: 0 tid: 3182529 cpu: 43
CS ETM: Found format(etmq=0x84b5d0): format=2
CS ETM: aux_records: aux_size=0xa64c0
CS ETM: AUX fragment: file offset=0x7998898 size=30
CS ETM: AUX fragment: file offset=0x7a34948 size=30
CS ETM: AUX fragment: file offset=0x7ad6358 size=30
CS ETM: AUX fragment: file offset=0x7b73088 size=30
CS ETM: AUX fragment: file offset=0x7c25ab8 size=30
CS ETM: AUX fragment: file offset=0x7ccdee8 size=30
CS ETM: AUX fragment: file offset=0x7d7acd8 size=30
CS ETM: AUX fragment: file offset=0x7e15cc8 size=30
CS ETM: AUX fragment: file offset=0x7eb3518 size=30
CS ETM: AUX fragment: file offset=0x7f4f0c8 size=30
CS ETM: AUX fragment: file offset=0x7ff4cb8 size=30
CS ETM: AUX fragment: file offset=0x8092768 size=30
CS ETM: AUX fragment: file offset=0x8138838 size=30
CS ETM: AUX fragment: file offset=0x81e6488 size=30
CS ETM: AUX fragment: file offset=0x82a4578 size=30
CS ETM: AUX fragment: file offset=0x8357968 size=30
CS ETM: AUX fragment: file offset=0x84065d8 size=30
CS ETM: AUX fragment: file offset=0x84be128 size=30
CS ETM: AUX fragment: file offset=0x85603d8 size=30
CS ETM: AUX fragment: file offset=0x85ff2c8 size=30
CS ETM: AUX fragment: file offset=0x8686358 size=30
CS ETM: AUX fragment: file offset=0x87210a8 size=30
CS ETM: AUX fragment: file offset=0x87d05f8 size=30
CS ETM: AUX fragment: file offset=0x88747e8 size=30
CS ETM: AUX fragment: file offset=0x8925bf8 size=30
CS ETM: AUX fragment: file offset=0x89ceb28 size=30
CS ETM: AUX fragment: file offset=0x8a65518 size=30
CS ETM: AUX fragment: file offset=0x8b01708 size=30
CS ETM: AUX fragment: file offset=0x8b9cd38 size=30
CS ETM: AUX fragment: file offset=0x8c605a8 size=30
CS ETM: AUX fragment: file offset=0x8d034d8 size=30
CS ETM: AUX fragment: file offset=0x8da15c8 size=30
CS ETM: AUX fragment: file offset=0x8e2f2d8 size=30
CS ETM: AUX fragment: file offset=0x8edc528 size=30
CS ETM: AUX fragment: file offset=0x8f7e518 size=30
CS ETM: AUX fragment: file offset=0x9015dc8 size=30
CS ETM: AUX fragment: file offset=0x90b0178 size=30
CS ETM: AUX fragment: file offset=0x915d7a8 size=30
CS ETM: AUX fragment: file offset=0x91f7f38 size=30
CS ETM: AUX fragment: file offset=0x92adfa8 size=30
CS ETM: AUX fragment: file offset=0x935c6d8 size=30
CS ETM: AUX fragment: file offset=0x93f9848 size=30
CS ETM: AUX fragment: file offset=0x94a1178 size=30
CS ETM: AUX fragment: file offset=0x956b1c8 size=30
CS ETM: AUX fragment: file offset=0x960cb38 size=30
CS ETM: aux_event range     : [00000000..000a64c0]
CS ETM: auxtrace_event range: [00000000..000a64c0]
CS ETM: Queue buffer size: 0xa64c0 offset: 0 tid: 3182529 cpu: 44
CS ETM: Found format(etmq=0x84b6d0): format=2
CS ETM: aux_records: aux_size=0xacd80
CS ETM: AUX fragment: file offset=0x7998898 size=30
CS ETM: AUX fragment: file offset=0x7a34948 size=30
CS ETM: AUX fragment: file offset=0x7ad6358 size=30
CS ETM: AUX fragment: file offset=0x7b73088 size=30
CS ETM: AUX fragment: file offset=0x7c25ab8 size=30
CS ETM: AUX fragment: file offset=0x7ccdee8 size=30
CS ETM: AUX fragment: file offset=0x7d7acd8 size=30
CS ETM: AUX fragment: file offset=0x7e15cc8 size=30
CS ETM: AUX fragment: file offset=0x7eb3518 size=30
CS ETM: AUX fragment: file offset=0x7f4f0c8 size=30
CS ETM: AUX fragment: file offset=0x7ff4cb8 size=30
CS ETM: AUX fragment: file offset=0x8092768 size=30
CS ETM: AUX fragment: file offset=0x8138838 size=30
CS ETM: AUX fragment: file offset=0x81e6488 size=30
CS ETM: AUX fragment: file offset=0x82a4578 size=30
CS ETM: AUX fragment: file offset=0x8357968 size=30
CS ETM: AUX fragment: file offset=0x84065d8 size=30
CS ETM: AUX fragment: file offset=0x84be128 size=30
CS ETM: AUX fragment: file offset=0x85603d8 size=30
CS ETM: AUX fragment: file offset=0x85ff2c8 size=30
CS ETM: AUX fragment: file offset=0x8686358 size=30
CS ETM: AUX fragment: file offset=0x87210a8 size=30
CS ETM: AUX fragment: file offset=0x87d05f8 size=30
CS ETM: AUX fragment: file offset=0x88747e8 size=30
CS ETM: AUX fragment: file offset=0x8925bf8 size=30
CS ETM: AUX fragment: file offset=0x89ceb28 size=30
CS ETM: AUX fragment: file offset=0x8a65518 size=30
CS ETM: AUX fragment: file offset=0x8b01708 size=30
CS ETM: AUX fragment: file offset=0x8b9cd38 size=30
CS ETM: AUX fragment: file offset=0x8c605a8 size=30
CS ETM: AUX fragment: file offset=0x8d034d8 size=30
CS ETM: AUX fragment: file offset=0x8da15c8 size=30
CS ETM: AUX fragment: file offset=0x8e2f2d8 size=30
CS ETM: AUX fragment: file offset=0x8edc528 size=30
CS ETM: AUX fragment: file offset=0x8f7e518 size=30
CS ETM: AUX fragment: file offset=0x9015dc8 size=30
CS ETM: AUX fragment: file offset=0x90b0178 size=30
CS ETM: AUX fragment: file offset=0x915d7a8 size=30
CS ETM: AUX fragment: file offset=0x91f7f38 size=30
CS ETM: AUX fragment: file offset=0x92adfa8 size=30
CS ETM: AUX fragment: file offset=0x935c6d8 size=30
CS ETM: AUX fragment: file offset=0x93f9848 size=30
CS ETM: AUX fragment: file offset=0x94a1178 size=30
CS ETM: AUX fragment: file offset=0x956b1c8 size=30
CS ETM: AUX fragment: file offset=0x960cb38 size=30
CS ETM: AUX fragment: file offset=0x96b3728 size=30
CS ETM: aux_event range     : [00000000..000acd80]
CS ETM: auxtrace_event range: [00000000..000acd80]
CS ETM: Queue buffer size: 0xacd80 offset: 0 tid: 3182529 cpu: 45
CS ETM: Found format(etmq=0x84b7d0): format=2
CS ETM: aux_records: aux_size=0xaa5c0
CS ETM: AUX fragment: file offset=0x7998898 size=30
CS ETM: AUX fragment: file offset=0x7a34948 size=30
CS ETM: AUX fragment: file offset=0x7ad6358 size=30
CS ETM: AUX fragment: file offset=0x7b73088 size=30
CS ETM: AUX fragment: file offset=0x7c25ab8 size=30
CS ETM: AUX fragment: file offset=0x7ccdee8 size=30
CS ETM: AUX fragment: file offset=0x7d7acd8 size=30
CS ETM: AUX fragment: file offset=0x7e15cc8 size=30
CS ETM: AUX fragment: file offset=0x7eb3518 size=30
CS ETM: AUX fragment: file offset=0x7f4f0c8 size=30
CS ETM: AUX fragment: file offset=0x7ff4cb8 size=30
CS ETM: AUX fragment: file offset=0x8092768 size=30
CS ETM: AUX fragment: file offset=0x8138838 size=30
CS ETM: AUX fragment: file offset=0x81e6488 size=30
CS ETM: AUX fragment: file offset=0x82a4578 size=30
CS ETM: AUX fragment: file offset=0x8357968 size=30
CS ETM: AUX fragment: file offset=0x84065d8 size=30
CS ETM: AUX fragment: file offset=0x84be128 size=30
CS ETM: AUX fragment: file offset=0x85603d8 size=30
CS ETM: AUX fragment: file offset=0x85ff2c8 size=30
CS ETM: AUX fragment: file offset=0x8686358 size=30
CS ETM: AUX fragment: file offset=0x87210a8 size=30
CS ETM: AUX fragment: file offset=0x87d05f8 size=30
CS ETM: AUX fragment: file offset=0x88747e8 size=30
CS ETM: AUX fragment: file offset=0x8925bf8 size=30
CS ETM: AUX fragment: file offset=0x89ceb28 size=30
CS ETM: AUX fragment: file offset=0x8a65518 size=30
CS ETM: AUX fragment: file offset=0x8b01708 size=30
CS ETM: AUX fragment: file offset=0x8b9cd38 size=30
CS ETM: AUX fragment: file offset=0x8c605a8 size=30
CS ETM: AUX fragment: file offset=0x8d034d8 size=30
CS ETM: AUX fragment: file offset=0x8da15c8 size=30
CS ETM: AUX fragment: file offset=0x8e2f2d8 size=30
CS ETM: AUX fragment: file offset=0x8edc528 size=30
CS ETM: AUX fragment: file offset=0x8f7e518 size=30
CS ETM: AUX fragment: file offset=0x9015dc8 size=30
CS ETM: AUX fragment: file offset=0x90b0178 size=30
CS ETM: AUX fragment: file offset=0x915d7a8 size=30
CS ETM: AUX fragment: file offset=0x91f7f38 size=30
CS ETM: AUX fragment: file offset=0x92adfa8 size=30
CS ETM: AUX fragment: file offset=0x935c6d8 size=30
CS ETM: AUX fragment: file offset=0x93f9848 size=30
CS ETM: AUX fragment: file offset=0x94a1178 size=30
CS ETM: AUX fragment: file offset=0x956b1c8 size=30
CS ETM: AUX fragment: file offset=0x960cb38 size=30
CS ETM: AUX fragment: file offset=0x96b3728 size=30
CS ETM: AUX fragment: file offset=0x9761658 size=30
CS ETM: aux_event range     : [00000000..000aa5c0]
CS ETM: auxtrace_event range: [00000000..000aa5c0]
CS ETM: Queue buffer size: 0xaa5c0 offset: 0 tid: 3182529 cpu: 46
CS ETM: Found format(etmq=0x84b8d0): format=2
CS ETM: aux_records: aux_size=0xa9240
CS ETM: AUX fragment: file offset=0x7998898 size=30
CS ETM: AUX fragment: file offset=0x7a34948 size=30
CS ETM: AUX fragment: file offset=0x7ad6358 size=30
CS ETM: AUX fragment: file offset=0x7b73088 size=30
CS ETM: AUX fragment: file offset=0x7c25ab8 size=30
CS ETM: AUX fragment: file offset=0x7ccdee8 size=30
CS ETM: AUX fragment: file offset=0x7d7acd8 size=30
CS ETM: AUX fragment: file offset=0x7e15cc8 size=30
CS ETM: AUX fragment: file offset=0x7eb3518 size=30
CS ETM: AUX fragment: file offset=0x7f4f0c8 size=30
CS ETM: AUX fragment: file offset=0x7ff4cb8 size=30
CS ETM: AUX fragment: file offset=0x8092768 size=30
CS ETM: AUX fragment: file offset=0x8138838 size=30
CS ETM: AUX fragment: file offset=0x81e6488 size=30
CS ETM: AUX fragment: file offset=0x82a4578 size=30
CS ETM: AUX fragment: file offset=0x8357968 size=30
CS ETM: AUX fragment: file offset=0x84065d8 size=30
CS ETM: AUX fragment: file offset=0x84be128 size=30
CS ETM: AUX fragment: file offset=0x85603d8 size=30
CS ETM: AUX fragment: file offset=0x85ff2c8 size=30
CS ETM: AUX fragment: file offset=0x8686358 size=30
CS ETM: AUX fragment: file offset=0x87210a8 size=30
CS ETM: AUX fragment: file offset=0x87d05f8 size=30
CS ETM: AUX fragment: file offset=0x88747e8 size=30
CS ETM: AUX fragment: file offset=0x8925bf8 size=30
CS ETM: AUX fragment: file offset=0x89ceb28 size=30
CS ETM: AUX fragment: file offset=0x8a65518 size=30
CS ETM: AUX fragment: file offset=0x8b01708 size=30
CS ETM: AUX fragment: file offset=0x8b9cd38 size=30
CS ETM: AUX fragment: file offset=0x8c605a8 size=30
CS ETM: AUX fragment: file offset=0x8d034d8 size=30
CS ETM: AUX fragment: file offset=0x8da15c8 size=30
CS ETM: AUX fragment: file offset=0x8e2f2d8 size=30
CS ETM: AUX fragment: file offset=0x8edc528 size=30
CS ETM: AUX fragment: file offset=0x8f7e518 size=30
CS ETM: AUX fragment: file offset=0x9015dc8 size=30
CS ETM: AUX fragment: file offset=0x90b0178 size=30
CS ETM: AUX fragment: file offset=0x915d7a8 size=30
CS ETM: AUX fragment: file offset=0x91f7f38 size=30
CS ETM: AUX fragment: file offset=0x92adfa8 size=30
CS ETM: AUX fragment: file offset=0x935c6d8 size=30
CS ETM: AUX fragment: file offset=0x93f9848 size=30
CS ETM: AUX fragment: file offset=0x94a1178 size=30
CS ETM: AUX fragment: file offset=0x956b1c8 size=30
CS ETM: AUX fragment: file offset=0x960cb38 size=30
CS ETM: AUX fragment: file offset=0x96b3728 size=30
CS ETM: AUX fragment: file offset=0x9761658 size=30
CS ETM: AUX fragment: file offset=0x980c708 size=30
CS ETM: aux_event range     : [00000000..000a9240]
CS ETM: auxtrace_event range: [00000000..000a9240]
CS ETM: Queue buffer size: 0xa9240 offset: 0 tid: 3182529 cpu: 47
CS ETM: Found format(etmq=0x84b9d0): format=2
CS ETM: aux_records: aux_size=0xa9140
CS ETM: AUX fragment: file offset=0x7998898 size=30
CS ETM: AUX fragment: file offset=0x7a34948 size=30
CS ETM: AUX fragment: file offset=0x7ad6358 size=30
CS ETM: AUX fragment: file offset=0x7b73088 size=30
CS ETM: AUX fragment: file offset=0x7c25ab8 size=30
CS ETM: AUX fragment: file offset=0x7ccdee8 size=30
CS ETM: AUX fragment: file offset=0x7d7acd8 size=30
CS ETM: AUX fragment: file offset=0x7e15cc8 size=30
CS ETM: AUX fragment: file offset=0x7eb3518 size=30
CS ETM: AUX fragment: file offset=0x7f4f0c8 size=30
CS ETM: AUX fragment: file offset=0x7ff4cb8 size=30
CS ETM: AUX fragment: file offset=0x8092768 size=30
CS ETM: AUX fragment: file offset=0x8138838 size=30
CS ETM: AUX fragment: file offset=0x81e6488 size=30
CS ETM: AUX fragment: file offset=0x82a4578 size=30
CS ETM: AUX fragment: file offset=0x8357968 size=30
CS ETM: AUX fragment: file offset=0x84065d8 size=30
CS ETM: AUX fragment: file offset=0x84be128 size=30
CS ETM: AUX fragment: file offset=0x85603d8 size=30
CS ETM: AUX fragment: file offset=0x85ff2c8 size=30
CS ETM: AUX fragment: file offset=0x8686358 size=30
CS ETM: AUX fragment: file offset=0x87210a8 size=30
CS ETM: AUX fragment: file offset=0x87d05f8 size=30
CS ETM: AUX fragment: file offset=0x88747e8 size=30
CS ETM: AUX fragment: file offset=0x8925bf8 size=30
CS ETM: AUX fragment: file offset=0x89ceb28 size=30
CS ETM: AUX fragment: file offset=0x8a65518 size=30
CS ETM: AUX fragment: file offset=0x8b01708 size=30
CS ETM: AUX fragment: file offset=0x8b9cd38 size=30
CS ETM: AUX fragment: file offset=0x8c605a8 size=30
CS ETM: AUX fragment: file offset=0x8d034d8 size=30
CS ETM: AUX fragment: file offset=0x8da15c8 size=30
CS ETM: AUX fragment: file offset=0x8e2f2d8 size=30
CS ETM: AUX fragment: file offset=0x8edc528 size=30
CS ETM: AUX fragment: file offset=0x8f7e518 size=30
CS ETM: AUX fragment: file offset=0x9015dc8 size=30
CS ETM: AUX fragment: file offset=0x90b0178 size=30
CS ETM: AUX fragment: file offset=0x915d7a8 size=30
CS ETM: AUX fragment: file offset=0x91f7f38 size=30
CS ETM: AUX fragment: file offset=0x92adfa8 size=30
CS ETM: AUX fragment: file offset=0x935c6d8 size=30
CS ETM: AUX fragment: file offset=0x93f9848 size=30
CS ETM: AUX fragment: file offset=0x94a1178 size=30
CS ETM: AUX fragment: file offset=0x956b1c8 size=30
CS ETM: AUX fragment: file offset=0x960cb38 size=30
CS ETM: AUX fragment: file offset=0x96b3728 size=30
CS ETM: AUX fragment: file offset=0x9761658 size=30
CS ETM: AUX fragment: file offset=0x980c708 size=30
CS ETM: AUX fragment: file offset=0x98b7218 size=30
CS ETM: aux_event range     : [00000000..000a9140]
CS ETM: auxtrace_event range: [00000000..000a9140]
CS ETM: Queue buffer size: 0xa9140 offset: 0 tid: 3182529 cpu: 48
CS ETM: Found format(etmq=0x84bad0): format=2
CS ETM: aux_records: aux_size=0x96a00
CS ETM: AUX fragment: file offset=0x7998898 size=30
CS ETM: AUX fragment: file offset=0x7a34948 size=30
CS ETM: AUX fragment: file offset=0x7ad6358 size=30
CS ETM: AUX fragment: file offset=0x7b73088 size=30
CS ETM: AUX fragment: file offset=0x7c25ab8 size=30
CS ETM: AUX fragment: file offset=0x7ccdee8 size=30
CS ETM: AUX fragment: file offset=0x7d7acd8 size=30
CS ETM: AUX fragment: file offset=0x7e15cc8 size=30
CS ETM: AUX fragment: file offset=0x7eb3518 size=30
CS ETM: AUX fragment: file offset=0x7f4f0c8 size=30
CS ETM: AUX fragment: file offset=0x7ff4cb8 size=30
CS ETM: AUX fragment: file offset=0x8092768 size=30
CS ETM: AUX fragment: file offset=0x8138838 size=30
CS ETM: AUX fragment: file offset=0x81e6488 size=30
CS ETM: AUX fragment: file offset=0x82a4578 size=30
CS ETM: AUX fragment: file offset=0x8357968 size=30
CS ETM: AUX fragment: file offset=0x84065d8 size=30
CS ETM: AUX fragment: file offset=0x84be128 size=30
CS ETM: AUX fragment: file offset=0x85603d8 size=30
CS ETM: AUX fragment: file offset=0x85ff2c8 size=30
CS ETM: AUX fragment: file offset=0x8686358 size=30
CS ETM: AUX fragment: file offset=0x87210a8 size=30
CS ETM: AUX fragment: file offset=0x87d05f8 size=30
CS ETM: AUX fragment: file offset=0x88747e8 size=30
CS ETM: AUX fragment: file offset=0x8925bf8 size=30
CS ETM: AUX fragment: file offset=0x89ceb28 size=30
CS ETM: AUX fragment: file offset=0x8a65518 size=30
CS ETM: AUX fragment: file offset=0x8b01708 size=30
CS ETM: AUX fragment: file offset=0x8b9cd38 size=30
CS ETM: AUX fragment: file offset=0x8c605a8 size=30
CS ETM: AUX fragment: file offset=0x8d034d8 size=30
CS ETM: AUX fragment: file offset=0x8da15c8 size=30
CS ETM: AUX fragment: file offset=0x8e2f2d8 size=30
CS ETM: AUX fragment: file offset=0x8edc528 size=30
CS ETM: AUX fragment: file offset=0x8f7e518 size=30
CS ETM: AUX fragment: file offset=0x9015dc8 size=30
CS ETM: AUX fragment: file offset=0x90b0178 size=30
CS ETM: AUX fragment: file offset=0x915d7a8 size=30
CS ETM: AUX fragment: file offset=0x91f7f38 size=30
CS ETM: AUX fragment: file offset=0x92adfa8 size=30
CS ETM: AUX fragment: file offset=0x935c6d8 size=30
CS ETM: AUX fragment: file offset=0x93f9848 size=30
CS ETM: AUX fragment: file offset=0x94a1178 size=30
CS ETM: AUX fragment: file offset=0x956b1c8 size=30
CS ETM: AUX fragment: file offset=0x960cb38 size=30
CS ETM: AUX fragment: file offset=0x96b3728 size=30
CS ETM: AUX fragment: file offset=0x9761658 size=30
CS ETM: AUX fragment: file offset=0x980c708 size=30
CS ETM: AUX fragment: file offset=0x98b7218 size=30
CS ETM: AUX fragment: file offset=0x99606c8 size=30
CS ETM: aux_event range     : [00000000..00096a00]
CS ETM: auxtrace_event range: [00000000..00096a00]
CS ETM: Queue buffer size: 0x96a00 offset: 0 tid: 3182529 cpu: 49
CS ETM: Found format(etmq=0x84bbd0): format=2
CS ETM: aux_records: aux_size=0xa2200
CS ETM: AUX fragment: file offset=0x7998898 size=30
CS ETM: AUX fragment: file offset=0x7a34948 size=30
CS ETM: AUX fragment: file offset=0x7ad6358 size=30
CS ETM: AUX fragment: file offset=0x7b73088 size=30
CS ETM: AUX fragment: file offset=0x7c25ab8 size=30
CS ETM: AUX fragment: file offset=0x7ccdee8 size=30
CS ETM: AUX fragment: file offset=0x7d7acd8 size=30
CS ETM: AUX fragment: file offset=0x7e15cc8 size=30
CS ETM: AUX fragment: file offset=0x7eb3518 size=30
CS ETM: AUX fragment: file offset=0x7f4f0c8 size=30
CS ETM: AUX fragment: file offset=0x7ff4cb8 size=30
CS ETM: AUX fragment: file offset=0x8092768 size=30
CS ETM: AUX fragment: file offset=0x8138838 size=30
CS ETM: AUX fragment: file offset=0x81e6488 size=30
CS ETM: AUX fragment: file offset=0x82a4578 size=30
CS ETM: AUX fragment: file offset=0x8357968 size=30
CS ETM: AUX fragment: file offset=0x84065d8 size=30
CS ETM: AUX fragment: file offset=0x84be128 size=30
CS ETM: AUX fragment: file offset=0x85603d8 size=30
CS ETM: AUX fragment: file offset=0x85ff2c8 size=30
CS ETM: AUX fragment: file offset=0x8686358 size=30
CS ETM: AUX fragment: file offset=0x87210a8 size=30
CS ETM: AUX fragment: file offset=0x87d05f8 size=30
CS ETM: AUX fragment: file offset=0x88747e8 size=30
CS ETM: AUX fragment: file offset=0x8925bf8 size=30
CS ETM: AUX fragment: file offset=0x89ceb28 size=30
CS ETM: AUX fragment: file offset=0x8a65518 size=30
CS ETM: AUX fragment: file offset=0x8b01708 size=30
CS ETM: AUX fragment: file offset=0x8b9cd38 size=30
CS ETM: AUX fragment: file offset=0x8c605a8 size=30
CS ETM: AUX fragment: file offset=0x8d034d8 size=30
CS ETM: AUX fragment: file offset=0x8da15c8 size=30
CS ETM: AUX fragment: file offset=0x8e2f2d8 size=30
CS ETM: AUX fragment: file offset=0x8edc528 size=30
CS ETM: AUX fragment: file offset=0x8f7e518 size=30
CS ETM: AUX fragment: file offset=0x9015dc8 size=30
CS ETM: AUX fragment: file offset=0x90b0178 size=30
CS ETM: AUX fragment: file offset=0x915d7a8 size=30
CS ETM: AUX fragment: file offset=0x91f7f38 size=30
CS ETM: AUX fragment: file offset=0x92adfa8 size=30
CS ETM: AUX fragment: file offset=0x935c6d8 size=30
CS ETM: AUX fragment: file offset=0x93f9848 size=30
CS ETM: AUX fragment: file offset=0x94a1178 size=30
CS ETM: AUX fragment: file offset=0x956b1c8 size=30
CS ETM: AUX fragment: file offset=0x960cb38 size=30
CS ETM: AUX fragment: file offset=0x96b3728 size=30
CS ETM: AUX fragment: file offset=0x9761658 size=30
CS ETM: AUX fragment: file offset=0x980c708 size=30
CS ETM: AUX fragment: file offset=0x98b7218 size=30
CS ETM: AUX fragment: file offset=0x99606c8 size=30
CS ETM: AUX fragment: file offset=0x99f80f8 size=30
CS ETM: aux_event range     : [00000000..000a2200]
CS ETM: auxtrace_event range: [00000000..000a2200]
CS ETM: Queue buffer size: 0xa2200 offset: 0 tid: 3182529 cpu: 50
CS ETM: Found format(etmq=0x84bcd0): format=2
CS ETM: aux_records: aux_size=0x99780
CS ETM: AUX fragment: file offset=0x7998898 size=30
CS ETM: AUX fragment: file offset=0x7a34948 size=30
CS ETM: AUX fragment: file offset=0x7ad6358 size=30
CS ETM: AUX fragment: file offset=0x7b73088 size=30
CS ETM: AUX fragment: file offset=0x7c25ab8 size=30
CS ETM: AUX fragment: file offset=0x7ccdee8 size=30
CS ETM: AUX fragment: file offset=0x7d7acd8 size=30
CS ETM: AUX fragment: file offset=0x7e15cc8 size=30
CS ETM: AUX fragment: file offset=0x7eb3518 size=30
CS ETM: AUX fragment: file offset=0x7f4f0c8 size=30
CS ETM: AUX fragment: file offset=0x7ff4cb8 size=30
CS ETM: AUX fragment: file offset=0x8092768 size=30
CS ETM: AUX fragment: file offset=0x8138838 size=30
CS ETM: AUX fragment: file offset=0x81e6488 size=30
CS ETM: AUX fragment: file offset=0x82a4578 size=30
CS ETM: AUX fragment: file offset=0x8357968 size=30
CS ETM: AUX fragment: file offset=0x84065d8 size=30
CS ETM: AUX fragment: file offset=0x84be128 size=30
CS ETM: AUX fragment: file offset=0x85603d8 size=30
CS ETM: AUX fragment: file offset=0x85ff2c8 size=30
CS ETM: AUX fragment: file offset=0x8686358 size=30
CS ETM: AUX fragment: file offset=0x87210a8 size=30
CS ETM: AUX fragment: file offset=0x87d05f8 size=30
CS ETM: AUX fragment: file offset=0x88747e8 size=30
CS ETM: AUX fragment: file offset=0x8925bf8 size=30
CS ETM: AUX fragment: file offset=0x89ceb28 size=30
CS ETM: AUX fragment: file offset=0x8a65518 size=30
CS ETM: AUX fragment: file offset=0x8b01708 size=30
CS ETM: AUX fragment: file offset=0x8b9cd38 size=30
CS ETM: AUX fragment: file offset=0x8c605a8 size=30
CS ETM: AUX fragment: file offset=0x8d034d8 size=30
CS ETM: AUX fragment: file offset=0x8da15c8 size=30
CS ETM: AUX fragment: file offset=0x8e2f2d8 size=30
CS ETM: AUX fragment: file offset=0x8edc528 size=30
CS ETM: AUX fragment: file offset=0x8f7e518 size=30
CS ETM: AUX fragment: file offset=0x9015dc8 size=30
CS ETM: AUX fragment: file offset=0x90b0178 size=30
CS ETM: AUX fragment: file offset=0x915d7a8 size=30
CS ETM: AUX fragment: file offset=0x91f7f38 size=30
CS ETM: AUX fragment: file offset=0x92adfa8 size=30
CS ETM: AUX fragment: file offset=0x935c6d8 size=30
CS ETM: AUX fragment: file offset=0x93f9848 size=30
CS ETM: AUX fragment: file offset=0x94a1178 size=30
CS ETM: AUX fragment: file offset=0x956b1c8 size=30
CS ETM: AUX fragment: file offset=0x960cb38 size=30
CS ETM: AUX fragment: file offset=0x96b3728 size=30
CS ETM: AUX fragment: file offset=0x9761658 size=30
CS ETM: AUX fragment: file offset=0x980c708 size=30
CS ETM: AUX fragment: file offset=0x98b7218 size=30
CS ETM: AUX fragment: file offset=0x99606c8 size=30
CS ETM: AUX fragment: file offset=0x99f80f8 size=30
CS ETM: AUX fragment: file offset=0x9a9b0e8 size=30
CS ETM: aux_event range     : [00000000..00099780]
CS ETM: auxtrace_event range: [00000000..00099780]
CS ETM: Queue buffer size: 0x99780 offset: 0 tid: 3182529 cpu: 51
CS ETM: Found format(etmq=0x84bdd0): format=2
CS ETM: aux_records: aux_size=0x9f9c0
CS ETM: AUX fragment: file offset=0x7998898 size=30
CS ETM: AUX fragment: file offset=0x7a34948 size=30
CS ETM: AUX fragment: file offset=0x7ad6358 size=30
CS ETM: AUX fragment: file offset=0x7b73088 size=30
CS ETM: AUX fragment: file offset=0x7c25ab8 size=30
CS ETM: AUX fragment: file offset=0x7ccdee8 size=30
CS ETM: AUX fragment: file offset=0x7d7acd8 size=30
CS ETM: AUX fragment: file offset=0x7e15cc8 size=30
CS ETM: AUX fragment: file offset=0x7eb3518 size=30
CS ETM: AUX fragment: file offset=0x7f4f0c8 size=30
CS ETM: AUX fragment: file offset=0x7ff4cb8 size=30
CS ETM: AUX fragment: file offset=0x8092768 size=30
CS ETM: AUX fragment: file offset=0x8138838 size=30
CS ETM: AUX fragment: file offset=0x81e6488 size=30
CS ETM: AUX fragment: file offset=0x82a4578 size=30
CS ETM: AUX fragment: file offset=0x8357968 size=30
CS ETM: AUX fragment: file offset=0x84065d8 size=30
CS ETM: AUX fragment: file offset=0x84be128 size=30
CS ETM: AUX fragment: file offset=0x85603d8 size=30
CS ETM: AUX fragment: file offset=0x85ff2c8 size=30
CS ETM: AUX fragment: file offset=0x8686358 size=30
CS ETM: AUX fragment: file offset=0x87210a8 size=30
CS ETM: AUX fragment: file offset=0x87d05f8 size=30
CS ETM: AUX fragment: file offset=0x88747e8 size=30
CS ETM: AUX fragment: file offset=0x8925bf8 size=30
CS ETM: AUX fragment: file offset=0x89ceb28 size=30
CS ETM: AUX fragment: file offset=0x8a65518 size=30
CS ETM: AUX fragment: file offset=0x8b01708 size=30
CS ETM: AUX fragment: file offset=0x8b9cd38 size=30
CS ETM: AUX fragment: file offset=0x8c605a8 size=30
CS ETM: AUX fragment: file offset=0x8d034d8 size=30
CS ETM: AUX fragment: file offset=0x8da15c8 size=30
CS ETM: AUX fragment: file offset=0x8e2f2d8 size=30
CS ETM: AUX fragment: file offset=0x8edc528 size=30
CS ETM: AUX fragment: file offset=0x8f7e518 size=30
CS ETM: AUX fragment: file offset=0x9015dc8 size=30
CS ETM: AUX fragment: file offset=0x90b0178 size=30
CS ETM: AUX fragment: file offset=0x915d7a8 size=30
CS ETM: AUX fragment: file offset=0x91f7f38 size=30
CS ETM: AUX fragment: file offset=0x92adfa8 size=30
CS ETM: AUX fragment: file offset=0x935c6d8 size=30
CS ETM: AUX fragment: file offset=0x93f9848 size=30
CS ETM: AUX fragment: file offset=0x94a1178 size=30
CS ETM: AUX fragment: file offset=0x956b1c8 size=30
CS ETM: AUX fragment: file offset=0x960cb38 size=30
CS ETM: AUX fragment: file offset=0x96b3728 size=30
CS ETM: AUX fragment: file offset=0x9761658 size=30
CS ETM: AUX fragment: file offset=0x980c708 size=30
CS ETM: AUX fragment: file offset=0x98b7218 size=30
CS ETM: AUX fragment: file offset=0x99606c8 size=30
CS ETM: AUX fragment: file offset=0x99f80f8 size=30
CS ETM: AUX fragment: file offset=0x9a9b0e8 size=30
CS ETM: AUX fragment: file offset=0x9b359b8 size=30
CS ETM: aux_event range     : [00000000..0009f9c0]
CS ETM: auxtrace_event range: [00000000..0009f9c0]
CS ETM: Queue buffer size: 0x9f9c0 offset: 0 tid: 3182529 cpu: 52
CS ETM: Found format(etmq=0x84bed0): format=2
CS ETM: aux_records: aux_size=0x9b540
CS ETM: AUX fragment: file offset=0x7998898 size=30
CS ETM: AUX fragment: file offset=0x7a34948 size=30
CS ETM: AUX fragment: file offset=0x7ad6358 size=30
CS ETM: AUX fragment: file offset=0x7b73088 size=30
CS ETM: AUX fragment: file offset=0x7c25ab8 size=30
CS ETM: AUX fragment: file offset=0x7ccdee8 size=30
CS ETM: AUX fragment: file offset=0x7d7acd8 size=30
CS ETM: AUX fragment: file offset=0x7e15cc8 size=30
CS ETM: AUX fragment: file offset=0x7eb3518 size=30
CS ETM: AUX fragment: file offset=0x7f4f0c8 size=30
CS ETM: AUX fragment: file offset=0x7ff4cb8 size=30
CS ETM: AUX fragment: file offset=0x8092768 size=30
CS ETM: AUX fragment: file offset=0x8138838 size=30
CS ETM: AUX fragment: file offset=0x81e6488 size=30
CS ETM: AUX fragment: file offset=0x82a4578 size=30
CS ETM: AUX fragment: file offset=0x8357968 size=30
CS ETM: AUX fragment: file offset=0x84065d8 size=30
CS ETM: AUX fragment: file offset=0x84be128 size=30
CS ETM: AUX fragment: file offset=0x85603d8 size=30
CS ETM: AUX fragment: file offset=0x85ff2c8 size=30
CS ETM: AUX fragment: file offset=0x8686358 size=30
CS ETM: AUX fragment: file offset=0x87210a8 size=30
CS ETM: AUX fragment: file offset=0x87d05f8 size=30
CS ETM: AUX fragment: file offset=0x88747e8 size=30
CS ETM: AUX fragment: file offset=0x8925bf8 size=30
CS ETM: AUX fragment: file offset=0x89ceb28 size=30
CS ETM: AUX fragment: file offset=0x8a65518 size=30
CS ETM: AUX fragment: file offset=0x8b01708 size=30
CS ETM: AUX fragment: file offset=0x8b9cd38 size=30
CS ETM: AUX fragment: file offset=0x8c605a8 size=30
CS ETM: AUX fragment: file offset=0x8d034d8 size=30
CS ETM: AUX fragment: file offset=0x8da15c8 size=30
CS ETM: AUX fragment: file offset=0x8e2f2d8 size=30
CS ETM: AUX fragment: file offset=0x8edc528 size=30
CS ETM: AUX fragment: file offset=0x8f7e518 size=30
CS ETM: AUX fragment: file offset=0x9015dc8 size=30
CS ETM: AUX fragment: file offset=0x90b0178 size=30
CS ETM: AUX fragment: file offset=0x915d7a8 size=30
CS ETM: AUX fragment: file offset=0x91f7f38 size=30
CS ETM: AUX fragment: file offset=0x92adfa8 size=30
CS ETM: AUX fragment: file offset=0x935c6d8 size=30
CS ETM: AUX fragment: file offset=0x93f9848 size=30
CS ETM: AUX fragment: file offset=0x94a1178 size=30
CS ETM: AUX fragment: file offset=0x956b1c8 size=30
CS ETM: AUX fragment: file offset=0x960cb38 size=30
CS ETM: AUX fragment: file offset=0x96b3728 size=30
CS ETM: AUX fragment: file offset=0x9761658 size=30
CS ETM: AUX fragment: file offset=0x980c708 size=30
CS ETM: AUX fragment: file offset=0x98b7218 size=30
CS ETM: AUX fragment: file offset=0x99606c8 size=30
CS ETM: AUX fragment: file offset=0x99f80f8 size=30
CS ETM: AUX fragment: file offset=0x9a9b0e8 size=30
CS ETM: AUX fragment: file offset=0x9b359b8 size=30
CS ETM: AUX fragment: file offset=0x9bd68e8 size=30
CS ETM: aux_event range     : [00000000..0009b540]
CS ETM: auxtrace_event range: [00000000..0009b540]
CS ETM: Queue buffer size: 0x9b540 offset: 0 tid: 3182529 cpu: 53
CS ETM: Found format(etmq=0x84bfd0): format=2
CS ETM: aux_records: aux_size=0xc2cc0
CS ETM: AUX fragment: file offset=0x7998898 size=30
CS ETM: AUX fragment: file offset=0x7a34948 size=30
CS ETM: AUX fragment: file offset=0x7ad6358 size=30
CS ETM: AUX fragment: file offset=0x7b73088 size=30
CS ETM: AUX fragment: file offset=0x7c25ab8 size=30
CS ETM: AUX fragment: file offset=0x7ccdee8 size=30
CS ETM: AUX fragment: file offset=0x7d7acd8 size=30
CS ETM: AUX fragment: file offset=0x7e15cc8 size=30
CS ETM: AUX fragment: file offset=0x7eb3518 size=30
CS ETM: AUX fragment: file offset=0x7f4f0c8 size=30
CS ETM: AUX fragment: file offset=0x7ff4cb8 size=30
CS ETM: AUX fragment: file offset=0x8092768 size=30
CS ETM: AUX fragment: file offset=0x8138838 size=30
CS ETM: AUX fragment: file offset=0x81e6488 size=30
CS ETM: AUX fragment: file offset=0x82a4578 size=30
CS ETM: AUX fragment: file offset=0x8357968 size=30
CS ETM: AUX fragment: file offset=0x84065d8 size=30
CS ETM: AUX fragment: file offset=0x84be128 size=30
CS ETM: AUX fragment: file offset=0x85603d8 size=30
CS ETM: AUX fragment: file offset=0x85ff2c8 size=30
CS ETM: AUX fragment: file offset=0x8686358 size=30
CS ETM: AUX fragment: file offset=0x87210a8 size=30
CS ETM: AUX fragment: file offset=0x87d05f8 size=30
CS ETM: AUX fragment: file offset=0x88747e8 size=30
CS ETM: AUX fragment: file offset=0x8925bf8 size=30
CS ETM: AUX fragment: file offset=0x89ceb28 size=30
CS ETM: AUX fragment: file offset=0x8a65518 size=30
CS ETM: AUX fragment: file offset=0x8b01708 size=30
CS ETM: AUX fragment: file offset=0x8b9cd38 size=30
CS ETM: AUX fragment: file offset=0x8c605a8 size=30
CS ETM: AUX fragment: file offset=0x8d034d8 size=30
CS ETM: AUX fragment: file offset=0x8da15c8 size=30
CS ETM: AUX fragment: file offset=0x8e2f2d8 size=30
CS ETM: AUX fragment: file offset=0x8edc528 size=30
CS ETM: AUX fragment: file offset=0x8f7e518 size=30
CS ETM: AUX fragment: file offset=0x9015dc8 size=30
CS ETM: AUX fragment: file offset=0x90b0178 size=30
CS ETM: AUX fragment: file offset=0x915d7a8 size=30
CS ETM: AUX fragment: file offset=0x91f7f38 size=30
CS ETM: AUX fragment: file offset=0x92adfa8 size=30
CS ETM: AUX fragment: file offset=0x935c6d8 size=30
CS ETM: AUX fragment: file offset=0x93f9848 size=30
CS ETM: AUX fragment: file offset=0x94a1178 size=30
CS ETM: AUX fragment: file offset=0x956b1c8 size=30
CS ETM: AUX fragment: file offset=0x960cb38 size=30
CS ETM: AUX fragment: file offset=0x96b3728 size=30
CS ETM: AUX fragment: file offset=0x9761658 size=30
CS ETM: AUX fragment: file offset=0x980c708 size=30
CS ETM: AUX fragment: file offset=0x98b7218 size=30
CS ETM: AUX fragment: file offset=0x99606c8 size=30
CS ETM: AUX fragment: file offset=0x99f80f8 size=30
CS ETM: AUX fragment: file offset=0x9a9b0e8 size=30
CS ETM: AUX fragment: file offset=0x9b359b8 size=30
CS ETM: AUX fragment: file offset=0x9bd68e8 size=30
CS ETM: AUX fragment: file offset=0x9c73458 size=30
CS ETM: aux_event range     : [00000000..000c2cc0]
CS ETM: auxtrace_event range: [00000000..000c2cc0]
CS ETM: Queue buffer size: 0xc2cc0 offset: 0 tid: 3182529 cpu: 54
CS ETM: Found format(etmq=0x84c0d0): format=2
CS ETM: aux_records: aux_size=0x139700
CS ETM: AUX fragment: file offset=0x7998898 size=30
CS ETM: AUX fragment: file offset=0x7a34948 size=30
CS ETM: AUX fragment: file offset=0x7ad6358 size=30
CS ETM: AUX fragment: file offset=0x7b73088 size=30
CS ETM: AUX fragment: file offset=0x7c25ab8 size=30
CS ETM: AUX fragment: file offset=0x7ccdee8 size=30
CS ETM: AUX fragment: file offset=0x7d7acd8 size=30
CS ETM: AUX fragment: file offset=0x7e15cc8 size=30
CS ETM: AUX fragment: file offset=0x7eb3518 size=30
CS ETM: AUX fragment: file offset=0x7f4f0c8 size=30
CS ETM: AUX fragment: file offset=0x7ff4cb8 size=30
CS ETM: AUX fragment: file offset=0x8092768 size=30
CS ETM: AUX fragment: file offset=0x8138838 size=30
CS ETM: AUX fragment: file offset=0x81e6488 size=30
CS ETM: AUX fragment: file offset=0x82a4578 size=30
CS ETM: AUX fragment: file offset=0x8357968 size=30
CS ETM: AUX fragment: file offset=0x84065d8 size=30
CS ETM: AUX fragment: file offset=0x84be128 size=30
CS ETM: AUX fragment: file offset=0x85603d8 size=30
CS ETM: AUX fragment: file offset=0x85ff2c8 size=30
CS ETM: AUX fragment: file offset=0x8686358 size=30
CS ETM: AUX fragment: file offset=0x87210a8 size=30
CS ETM: AUX fragment: file offset=0x87d05f8 size=30
CS ETM: AUX fragment: file offset=0x88747e8 size=30
CS ETM: AUX fragment: file offset=0x8925bf8 size=30
CS ETM: AUX fragment: file offset=0x89ceb28 size=30
CS ETM: AUX fragment: file offset=0x8a65518 size=30
CS ETM: AUX fragment: file offset=0x8b01708 size=30
CS ETM: AUX fragment: file offset=0x8b9cd38 size=30
CS ETM: AUX fragment: file offset=0x8c605a8 size=30
CS ETM: AUX fragment: file offset=0x8d034d8 size=30
CS ETM: AUX fragment: file offset=0x8da15c8 size=30
CS ETM: AUX fragment: file offset=0x8e2f2d8 size=30
CS ETM: AUX fragment: file offset=0x8edc528 size=30
CS ETM: AUX fragment: file offset=0x8f7e518 size=30
CS ETM: AUX fragment: file offset=0x9015dc8 size=30
CS ETM: AUX fragment: file offset=0x90b0178 size=30
CS ETM: AUX fragment: file offset=0x915d7a8 size=30
CS ETM: AUX fragment: file offset=0x91f7f38 size=30
CS ETM: AUX fragment: file offset=0x92adfa8 size=30
CS ETM: AUX fragment: file offset=0x935c6d8 size=30
CS ETM: AUX fragment: file offset=0x93f9848 size=30
CS ETM: AUX fragment: file offset=0x94a1178 size=30
CS ETM: AUX fragment: file offset=0x956b1c8 size=30
CS ETM: AUX fragment: file offset=0x960cb38 size=30
CS ETM: AUX fragment: file offset=0x96b3728 size=30
CS ETM: AUX fragment: file offset=0x9761658 size=30
CS ETM: AUX fragment: file offset=0x980c708 size=30
CS ETM: AUX fragment: file offset=0x98b7218 size=30
CS ETM: AUX fragment: file offset=0x99606c8 size=30
CS ETM: AUX fragment: file offset=0x99f80f8 size=30
CS ETM: AUX fragment: file offset=0x9a9b0e8 size=30
CS ETM: AUX fragment: file offset=0x9b359b8 size=30
CS ETM: AUX fragment: file offset=0x9bd68e8 size=30
CS ETM: AUX fragment: file offset=0x9c73458 size=30
CS ETM: AUX fragment: file offset=0x9d36308 size=30
CS ETM: aux_event range     : [00000000..00139700]
CS ETM: auxtrace_event range: [00000000..00139700]
CS ETM: Queue buffer size: 0x139700 offset: 0 tid: 3182529 cpu: 55
CS ETM: Found format(etmq=0x84c1d0): format=2
CS ETM: aux_records: aux_size=0xa5e00
CS ETM: AUX fragment: file offset=0x7998898 size=30
CS ETM: AUX fragment: file offset=0x7a34948 size=30
CS ETM: AUX fragment: file offset=0x7ad6358 size=30
CS ETM: AUX fragment: file offset=0x7b73088 size=30
CS ETM: AUX fragment: file offset=0x7c25ab8 size=30
CS ETM: AUX fragment: file offset=0x7ccdee8 size=30
CS ETM: AUX fragment: file offset=0x7d7acd8 size=30
CS ETM: AUX fragment: file offset=0x7e15cc8 size=30
CS ETM: AUX fragment: file offset=0x7eb3518 size=30
CS ETM: AUX fragment: file offset=0x7f4f0c8 size=30
CS ETM: AUX fragment: file offset=0x7ff4cb8 size=30
CS ETM: AUX fragment: file offset=0x8092768 size=30
CS ETM: AUX fragment: file offset=0x8138838 size=30
CS ETM: AUX fragment: file offset=0x81e6488 size=30
CS ETM: AUX fragment: file offset=0x82a4578 size=30
CS ETM: AUX fragment: file offset=0x8357968 size=30
CS ETM: AUX fragment: file offset=0x84065d8 size=30
CS ETM: AUX fragment: file offset=0x84be128 size=30
CS ETM: AUX fragment: file offset=0x85603d8 size=30
CS ETM: AUX fragment: file offset=0x85ff2c8 size=30
CS ETM: AUX fragment: file offset=0x8686358 size=30
CS ETM: AUX fragment: file offset=0x87210a8 size=30
CS ETM: AUX fragment: file offset=0x87d05f8 size=30
CS ETM: AUX fragment: file offset=0x88747e8 size=30
CS ETM: AUX fragment: file offset=0x8925bf8 size=30
CS ETM: AUX fragment: file offset=0x89ceb28 size=30
CS ETM: AUX fragment: file offset=0x8a65518 size=30
CS ETM: AUX fragment: file offset=0x8b01708 size=30
CS ETM: AUX fragment: file offset=0x8b9cd38 size=30
CS ETM: AUX fragment: file offset=0x8c605a8 size=30
CS ETM: AUX fragment: file offset=0x8d034d8 size=30
CS ETM: AUX fragment: file offset=0x8da15c8 size=30
CS ETM: AUX fragment: file offset=0x8e2f2d8 size=30
CS ETM: AUX fragment: file offset=0x8edc528 size=30
CS ETM: AUX fragment: file offset=0x8f7e518 size=30
CS ETM: AUX fragment: file offset=0x9015dc8 size=30
CS ETM: AUX fragment: file offset=0x90b0178 size=30
CS ETM: AUX fragment: file offset=0x915d7a8 size=30
CS ETM: AUX fragment: file offset=0x91f7f38 size=30
CS ETM: AUX fragment: file offset=0x92adfa8 size=30
CS ETM: AUX fragment: file offset=0x935c6d8 size=30
CS ETM: AUX fragment: file offset=0x93f9848 size=30
CS ETM: AUX fragment: file offset=0x94a1178 size=30
CS ETM: AUX fragment: file offset=0x956b1c8 size=30
CS ETM: AUX fragment: file offset=0x960cb38 size=30
CS ETM: AUX fragment: file offset=0x96b3728 size=30
CS ETM: AUX fragment: file offset=0x9761658 size=30
CS ETM: AUX fragment: file offset=0x980c708 size=30
CS ETM: AUX fragment: file offset=0x98b7218 size=30
CS ETM: AUX fragment: file offset=0x99606c8 size=30
CS ETM: AUX fragment: file offset=0x99f80f8 size=30
CS ETM: AUX fragment: file offset=0x9a9b0e8 size=30
CS ETM: AUX fragment: file offset=0x9b359b8 size=30
CS ETM: AUX fragment: file offset=0x9bd68e8 size=30
CS ETM: AUX fragment: file offset=0x9c73458 size=30
CS ETM: AUX fragment: file offset=0x9d36308 size=30
CS ETM: AUX fragment: file offset=0x9e707f8 size=30
CS ETM: aux_event range     : [00000000..000a5e00]
CS ETM: auxtrace_event range: [00000000..000a5e00]
CS ETM: Queue buffer size: 0xa5e00 offset: 0 tid: 3182529 cpu: 56
CS ETM: Found format(etmq=0x84c2d0): format=2
CS ETM: aux_records: aux_size=0xaafc0
CS ETM: AUX fragment: file offset=0x7998898 size=30
CS ETM: AUX fragment: file offset=0x7a34948 size=30
CS ETM: AUX fragment: file offset=0x7ad6358 size=30
CS ETM: AUX fragment: file offset=0x7b73088 size=30
CS ETM: AUX fragment: file offset=0x7c25ab8 size=30
CS ETM: AUX fragment: file offset=0x7ccdee8 size=30
CS ETM: AUX fragment: file offset=0x7d7acd8 size=30
CS ETM: AUX fragment: file offset=0x7e15cc8 size=30
CS ETM: AUX fragment: file offset=0x7eb3518 size=30
CS ETM: AUX fragment: file offset=0x7f4f0c8 size=30
CS ETM: AUX fragment: file offset=0x7ff4cb8 size=30
CS ETM: AUX fragment: file offset=0x8092768 size=30
CS ETM: AUX fragment: file offset=0x8138838 size=30
CS ETM: AUX fragment: file offset=0x81e6488 size=30
CS ETM: AUX fragment: file offset=0x82a4578 size=30
CS ETM: AUX fragment: file offset=0x8357968 size=30
CS ETM: AUX fragment: file offset=0x84065d8 size=30
CS ETM: AUX fragment: file offset=0x84be128 size=30
CS ETM: AUX fragment: file offset=0x85603d8 size=30
CS ETM: AUX fragment: file offset=0x85ff2c8 size=30
CS ETM: AUX fragment: file offset=0x8686358 size=30
CS ETM: AUX fragment: file offset=0x87210a8 size=30
CS ETM: AUX fragment: file offset=0x87d05f8 size=30
CS ETM: AUX fragment: file offset=0x88747e8 size=30
CS ETM: AUX fragment: file offset=0x8925bf8 size=30
CS ETM: AUX fragment: file offset=0x89ceb28 size=30
CS ETM: AUX fragment: file offset=0x8a65518 size=30
CS ETM: AUX fragment: file offset=0x8b01708 size=30
CS ETM: AUX fragment: file offset=0x8b9cd38 size=30
CS ETM: AUX fragment: file offset=0x8c605a8 size=30
CS ETM: AUX fragment: file offset=0x8d034d8 size=30
CS ETM: AUX fragment: file offset=0x8da15c8 size=30
CS ETM: AUX fragment: file offset=0x8e2f2d8 size=30
CS ETM: AUX fragment: file offset=0x8edc528 size=30
CS ETM: AUX fragment: file offset=0x8f7e518 size=30
CS ETM: AUX fragment: file offset=0x9015dc8 size=30
CS ETM: AUX fragment: file offset=0x90b0178 size=30
CS ETM: AUX fragment: file offset=0x915d7a8 size=30
CS ETM: AUX fragment: file offset=0x91f7f38 size=30
CS ETM: AUX fragment: file offset=0x92adfa8 size=30
CS ETM: AUX fragment: file offset=0x935c6d8 size=30
CS ETM: AUX fragment: file offset=0x93f9848 size=30
CS ETM: AUX fragment: file offset=0x94a1178 size=30
CS ETM: AUX fragment: file offset=0x956b1c8 size=30
CS ETM: AUX fragment: file offset=0x960cb38 size=30
CS ETM: AUX fragment: file offset=0x96b3728 size=30
CS ETM: AUX fragment: file offset=0x9761658 size=30
CS ETM: AUX fragment: file offset=0x980c708 size=30
CS ETM: AUX fragment: file offset=0x98b7218 size=30
CS ETM: AUX fragment: file offset=0x99606c8 size=30
CS ETM: AUX fragment: file offset=0x99f80f8 size=30
CS ETM: AUX fragment: file offset=0x9a9b0e8 size=30
CS ETM: AUX fragment: file offset=0x9b359b8 size=30
CS ETM: AUX fragment: file offset=0x9bd68e8 size=30
CS ETM: AUX fragment: file offset=0x9c73458 size=30
CS ETM: AUX fragment: file offset=0x9d36308 size=30
CS ETM: AUX fragment: file offset=0x9e707f8 size=30
CS ETM: AUX fragment: file offset=0x9f171a8 size=30
CS ETM: aux_event range     : [00000000..000aafc0]
CS ETM: auxtrace_event range: [00000000..000aafc0]
CS ETM: Queue buffer size: 0xaafc0 offset: 0 tid: 3182529 cpu: 57
CS ETM: Found format(etmq=0x84c3d0): format=2
CS ETM: aux_records: aux_size=0x972c0
CS ETM: AUX fragment: file offset=0x7998898 size=30
CS ETM: AUX fragment: file offset=0x7a34948 size=30
CS ETM: AUX fragment: file offset=0x7ad6358 size=30
CS ETM: AUX fragment: file offset=0x7b73088 size=30
CS ETM: AUX fragment: file offset=0x7c25ab8 size=30
CS ETM: AUX fragment: file offset=0x7ccdee8 size=30
CS ETM: AUX fragment: file offset=0x7d7acd8 size=30
CS ETM: AUX fragment: file offset=0x7e15cc8 size=30
CS ETM: AUX fragment: file offset=0x7eb3518 size=30
CS ETM: AUX fragment: file offset=0x7f4f0c8 size=30
CS ETM: AUX fragment: file offset=0x7ff4cb8 size=30
CS ETM: AUX fragment: file offset=0x8092768 size=30
CS ETM: AUX fragment: file offset=0x8138838 size=30
CS ETM: AUX fragment: file offset=0x81e6488 size=30
CS ETM: AUX fragment: file offset=0x82a4578 size=30
CS ETM: AUX fragment: file offset=0x8357968 size=30
CS ETM: AUX fragment: file offset=0x84065d8 size=30
CS ETM: AUX fragment: file offset=0x84be128 size=30
CS ETM: AUX fragment: file offset=0x85603d8 size=30
CS ETM: AUX fragment: file offset=0x85ff2c8 size=30
CS ETM: AUX fragment: file offset=0x8686358 size=30
CS ETM: AUX fragment: file offset=0x87210a8 size=30
CS ETM: AUX fragment: file offset=0x87d05f8 size=30
CS ETM: AUX fragment: file offset=0x88747e8 size=30
CS ETM: AUX fragment: file offset=0x8925bf8 size=30
CS ETM: AUX fragment: file offset=0x89ceb28 size=30
CS ETM: AUX fragment: file offset=0x8a65518 size=30
CS ETM: AUX fragment: file offset=0x8b01708 size=30
CS ETM: AUX fragment: file offset=0x8b9cd38 size=30
CS ETM: AUX fragment: file offset=0x8c605a8 size=30
CS ETM: AUX fragment: file offset=0x8d034d8 size=30
CS ETM: AUX fragment: file offset=0x8da15c8 size=30
CS ETM: AUX fragment: file offset=0x8e2f2d8 size=30
CS ETM: AUX fragment: file offset=0x8edc528 size=30
CS ETM: AUX fragment: file offset=0x8f7e518 size=30
CS ETM: AUX fragment: file offset=0x9015dc8 size=30
CS ETM: AUX fragment: file offset=0x90b0178 size=30
CS ETM: AUX fragment: file offset=0x915d7a8 size=30
CS ETM: AUX fragment: file offset=0x91f7f38 size=30
CS ETM: AUX fragment: file offset=0x92adfa8 size=30
CS ETM: AUX fragment: file offset=0x935c6d8 size=30
CS ETM: AUX fragment: file offset=0x93f9848 size=30
CS ETM: AUX fragment: file offset=0x94a1178 size=30
CS ETM: AUX fragment: file offset=0x956b1c8 size=30
CS ETM: AUX fragment: file offset=0x960cb38 size=30
CS ETM: AUX fragment: file offset=0x96b3728 size=30
CS ETM: AUX fragment: file offset=0x9761658 size=30
CS ETM: AUX fragment: file offset=0x980c708 size=30
CS ETM: AUX fragment: file offset=0x98b7218 size=30
CS ETM: AUX fragment: file offset=0x99606c8 size=30
CS ETM: AUX fragment: file offset=0x99f80f8 size=30
CS ETM: AUX fragment: file offset=0x9a9b0e8 size=30
CS ETM: AUX fragment: file offset=0x9b359b8 size=30
CS ETM: AUX fragment: file offset=0x9bd68e8 size=30
CS ETM: AUX fragment: file offset=0x9c73458 size=30
CS ETM: AUX fragment: file offset=0x9d36308 size=30
CS ETM: AUX fragment: file offset=0x9e707f8 size=30
CS ETM: AUX fragment: file offset=0x9f171a8 size=30
CS ETM: AUX fragment: file offset=0x9fc2bf8 size=30
CS ETM: aux_event range     : [00000000..000972c0]
CS ETM: auxtrace_event range: [00000000..000972c0]
CS ETM: Queue buffer size: 0x972c0 offset: 0 tid: 3182529 cpu: 58
CS ETM: Found format(etmq=0x84c4d0): format=2
CS ETM: aux_records: aux_size=0x9f080
CS ETM: AUX fragment: file offset=0x7998898 size=30
CS ETM: AUX fragment: file offset=0x7a34948 size=30
CS ETM: AUX fragment: file offset=0x7ad6358 size=30
CS ETM: AUX fragment: file offset=0x7b73088 size=30
CS ETM: AUX fragment: file offset=0x7c25ab8 size=30
CS ETM: AUX fragment: file offset=0x7ccdee8 size=30
CS ETM: AUX fragment: file offset=0x7d7acd8 size=30
CS ETM: AUX fragment: file offset=0x7e15cc8 size=30
CS ETM: AUX fragment: file offset=0x7eb3518 size=30
CS ETM: AUX fragment: file offset=0x7f4f0c8 size=30
CS ETM: AUX fragment: file offset=0x7ff4cb8 size=30
CS ETM: AUX fragment: file offset=0x8092768 size=30
CS ETM: AUX fragment: file offset=0x8138838 size=30
CS ETM: AUX fragment: file offset=0x81e6488 size=30
CS ETM: AUX fragment: file offset=0x82a4578 size=30
CS ETM: AUX fragment: file offset=0x8357968 size=30
CS ETM: AUX fragment: file offset=0x84065d8 size=30
CS ETM: AUX fragment: file offset=0x84be128 size=30
CS ETM: AUX fragment: file offset=0x85603d8 size=30
CS ETM: AUX fragment: file offset=0x85ff2c8 size=30
CS ETM: AUX fragment: file offset=0x8686358 size=30
CS ETM: AUX fragment: file offset=0x87210a8 size=30
CS ETM: AUX fragment: file offset=0x87d05f8 size=30
CS ETM: AUX fragment: file offset=0x88747e8 size=30
CS ETM: AUX fragment: file offset=0x8925bf8 size=30
CS ETM: AUX fragment: file offset=0x89ceb28 size=30
CS ETM: AUX fragment: file offset=0x8a65518 size=30
CS ETM: AUX fragment: file offset=0x8b01708 size=30
CS ETM: AUX fragment: file offset=0x8b9cd38 size=30
CS ETM: AUX fragment: file offset=0x8c605a8 size=30
CS ETM: AUX fragment: file offset=0x8d034d8 size=30
CS ETM: AUX fragment: file offset=0x8da15c8 size=30
CS ETM: AUX fragment: file offset=0x8e2f2d8 size=30
CS ETM: AUX fragment: file offset=0x8edc528 size=30
CS ETM: AUX fragment: file offset=0x8f7e518 size=30
CS ETM: AUX fragment: file offset=0x9015dc8 size=30
CS ETM: AUX fragment: file offset=0x90b0178 size=30
CS ETM: AUX fragment: file offset=0x915d7a8 size=30
CS ETM: AUX fragment: file offset=0x91f7f38 size=30
CS ETM: AUX fragment: file offset=0x92adfa8 size=30
CS ETM: AUX fragment: file offset=0x935c6d8 size=30
CS ETM: AUX fragment: file offset=0x93f9848 size=30
CS ETM: AUX fragment: file offset=0x94a1178 size=30
CS ETM: AUX fragment: file offset=0x956b1c8 size=30
CS ETM: AUX fragment: file offset=0x960cb38 size=30
CS ETM: AUX fragment: file offset=0x96b3728 size=30
CS ETM: AUX fragment: file offset=0x9761658 size=30
CS ETM: AUX fragment: file offset=0x980c708 size=30
CS ETM: AUX fragment: file offset=0x98b7218 size=30
CS ETM: AUX fragment: file offset=0x99606c8 size=30
CS ETM: AUX fragment: file offset=0x99f80f8 size=30
CS ETM: AUX fragment: file offset=0x9a9b0e8 size=30
CS ETM: AUX fragment: file offset=0x9b359b8 size=30
CS ETM: AUX fragment: file offset=0x9bd68e8 size=30
CS ETM: AUX fragment: file offset=0x9c73458 size=30
CS ETM: AUX fragment: file offset=0x9d36308 size=30
CS ETM: AUX fragment: file offset=0x9e707f8 size=30
CS ETM: AUX fragment: file offset=0x9f171a8 size=30
CS ETM: AUX fragment: file offset=0x9fc2bf8 size=30
CS ETM: AUX fragment: file offset=0xa05b5a8 size=30
CS ETM: aux_event range     : [00000000..0009f080]
CS ETM: auxtrace_event range: [00000000..0009f080]
CS ETM: Queue buffer size: 0x9f080 offset: 0 tid: 3182529 cpu: 59
CS ETM: Found format(etmq=0x84c5d0): format=2
CS ETM: aux_records: aux_size=0xa6880
CS ETM: AUX fragment: file offset=0x7998898 size=30
CS ETM: AUX fragment: file offset=0x7a34948 size=30
CS ETM: AUX fragment: file offset=0x7ad6358 size=30
CS ETM: AUX fragment: file offset=0x7b73088 size=30
CS ETM: AUX fragment: file offset=0x7c25ab8 size=30
CS ETM: AUX fragment: file offset=0x7ccdee8 size=30
CS ETM: AUX fragment: file offset=0x7d7acd8 size=30
CS ETM: AUX fragment: file offset=0x7e15cc8 size=30
CS ETM: AUX fragment: file offset=0x7eb3518 size=30
CS ETM: AUX fragment: file offset=0x7f4f0c8 size=30
CS ETM: AUX fragment: file offset=0x7ff4cb8 size=30
CS ETM: AUX fragment: file offset=0x8092768 size=30
CS ETM: AUX fragment: file offset=0x8138838 size=30
CS ETM: AUX fragment: file offset=0x81e6488 size=30
CS ETM: AUX fragment: file offset=0x82a4578 size=30
CS ETM: AUX fragment: file offset=0x8357968 size=30
CS ETM: AUX fragment: file offset=0x84065d8 size=30
CS ETM: AUX fragment: file offset=0x84be128 size=30
CS ETM: AUX fragment: file offset=0x85603d8 size=30
CS ETM: AUX fragment: file offset=0x85ff2c8 size=30
CS ETM: AUX fragment: file offset=0x8686358 size=30
CS ETM: AUX fragment: file offset=0x87210a8 size=30
CS ETM: AUX fragment: file offset=0x87d05f8 size=30
CS ETM: AUX fragment: file offset=0x88747e8 size=30
CS ETM: AUX fragment: file offset=0x8925bf8 size=30
CS ETM: AUX fragment: file offset=0x89ceb28 size=30
CS ETM: AUX fragment: file offset=0x8a65518 size=30
CS ETM: AUX fragment: file offset=0x8b01708 size=30
CS ETM: AUX fragment: file offset=0x8b9cd38 size=30
CS ETM: AUX fragment: file offset=0x8c605a8 size=30
CS ETM: AUX fragment: file offset=0x8d034d8 size=30
CS ETM: AUX fragment: file offset=0x8da15c8 size=30
CS ETM: AUX fragment: file offset=0x8e2f2d8 size=30
CS ETM: AUX fragment: file offset=0x8edc528 size=30
CS ETM: AUX fragment: file offset=0x8f7e518 size=30
CS ETM: AUX fragment: file offset=0x9015dc8 size=30
CS ETM: AUX fragment: file offset=0x90b0178 size=30
CS ETM: AUX fragment: file offset=0x915d7a8 size=30
CS ETM: AUX fragment: file offset=0x91f7f38 size=30
CS ETM: AUX fragment: file offset=0x92adfa8 size=30
CS ETM: AUX fragment: file offset=0x935c6d8 size=30
CS ETM: AUX fragment: file offset=0x93f9848 size=30
CS ETM: AUX fragment: file offset=0x94a1178 size=30
CS ETM: AUX fragment: file offset=0x956b1c8 size=30
CS ETM: AUX fragment: file offset=0x960cb38 size=30
CS ETM: AUX fragment: file offset=0x96b3728 size=30
CS ETM: AUX fragment: file offset=0x9761658 size=30
CS ETM: AUX fragment: file offset=0x980c708 size=30
CS ETM: AUX fragment: file offset=0x98b7218 size=30
CS ETM: AUX fragment: file offset=0x99606c8 size=30
CS ETM: AUX fragment: file offset=0x99f80f8 size=30
CS ETM: AUX fragment: file offset=0x9a9b0e8 size=30
CS ETM: AUX fragment: file offset=0x9b359b8 size=30
CS ETM: AUX fragment: file offset=0x9bd68e8 size=30
CS ETM: AUX fragment: file offset=0x9c73458 size=30
CS ETM: AUX fragment: file offset=0x9d36308 size=30
CS ETM: AUX fragment: file offset=0x9e707f8 size=30
CS ETM: AUX fragment: file offset=0x9f171a8 size=30
CS ETM: AUX fragment: file offset=0x9fc2bf8 size=30
CS ETM: AUX fragment: file offset=0xa05b5a8 size=30
CS ETM: AUX fragment: file offset=0xa0fac98 size=30
CS ETM: aux_event range     : [00000000..000a6880]
CS ETM: auxtrace_event range: [00000000..000a6880]
CS ETM: Queue buffer size: 0xa6880 offset: 0 tid: 3182529 cpu: 60
CS ETM: Found format(etmq=0x84c6d0): format=2
CS ETM: aux_records: aux_size=0xa7e00
CS ETM: AUX fragment: file offset=0x7998898 size=30
CS ETM: AUX fragment: file offset=0x7a34948 size=30
CS ETM: AUX fragment: file offset=0x7ad6358 size=30
CS ETM: AUX fragment: file offset=0x7b73088 size=30
CS ETM: AUX fragment: file offset=0x7c25ab8 size=30
CS ETM: AUX fragment: file offset=0x7ccdee8 size=30
CS ETM: AUX fragment: file offset=0x7d7acd8 size=30
CS ETM: AUX fragment: file offset=0x7e15cc8 size=30
CS ETM: AUX fragment: file offset=0x7eb3518 size=30
CS ETM: AUX fragment: file offset=0x7f4f0c8 size=30
CS ETM: AUX fragment: file offset=0x7ff4cb8 size=30
CS ETM: AUX fragment: file offset=0x8092768 size=30
CS ETM: AUX fragment: file offset=0x8138838 size=30
CS ETM: AUX fragment: file offset=0x81e6488 size=30
CS ETM: AUX fragment: file offset=0x82a4578 size=30
CS ETM: AUX fragment: file offset=0x8357968 size=30
CS ETM: AUX fragment: file offset=0x84065d8 size=30
CS ETM: AUX fragment: file offset=0x84be128 size=30
CS ETM: AUX fragment: file offset=0x85603d8 size=30
CS ETM: AUX fragment: file offset=0x85ff2c8 size=30
CS ETM: AUX fragment: file offset=0x8686358 size=30
CS ETM: AUX fragment: file offset=0x87210a8 size=30
CS ETM: AUX fragment: file offset=0x87d05f8 size=30
CS ETM: AUX fragment: file offset=0x88747e8 size=30
CS ETM: AUX fragment: file offset=0x8925bf8 size=30
CS ETM: AUX fragment: file offset=0x89ceb28 size=30
CS ETM: AUX fragment: file offset=0x8a65518 size=30
CS ETM: AUX fragment: file offset=0x8b01708 size=30
CS ETM: AUX fragment: file offset=0x8b9cd38 size=30
CS ETM: AUX fragment: file offset=0x8c605a8 size=30
CS ETM: AUX fragment: file offset=0x8d034d8 size=30
CS ETM: AUX fragment: file offset=0x8da15c8 size=30
CS ETM: AUX fragment: file offset=0x8e2f2d8 size=30
CS ETM: AUX fragment: file offset=0x8edc528 size=30
CS ETM: AUX fragment: file offset=0x8f7e518 size=30
CS ETM: AUX fragment: file offset=0x9015dc8 size=30
CS ETM: AUX fragment: file offset=0x90b0178 size=30
CS ETM: AUX fragment: file offset=0x915d7a8 size=30
CS ETM: AUX fragment: file offset=0x91f7f38 size=30
CS ETM: AUX fragment: file offset=0x92adfa8 size=30
CS ETM: AUX fragment: file offset=0x935c6d8 size=30
CS ETM: AUX fragment: file offset=0x93f9848 size=30
CS ETM: AUX fragment: file offset=0x94a1178 size=30
CS ETM: AUX fragment: file offset=0x956b1c8 size=30
CS ETM: AUX fragment: file offset=0x960cb38 size=30
CS ETM: AUX fragment: file offset=0x96b3728 size=30
CS ETM: AUX fragment: file offset=0x9761658 size=30
CS ETM: AUX fragment: file offset=0x980c708 size=30
CS ETM: AUX fragment: file offset=0x98b7218 size=30
CS ETM: AUX fragment: file offset=0x99606c8 size=30
CS ETM: AUX fragment: file offset=0x99f80f8 size=30
CS ETM: AUX fragment: file offset=0x9a9b0e8 size=30
CS ETM: AUX fragment: file offset=0x9b359b8 size=30
CS ETM: AUX fragment: file offset=0x9bd68e8 size=30
CS ETM: AUX fragment: file offset=0x9c73458 size=30
CS ETM: AUX fragment: file offset=0x9d36308 size=30
CS ETM: AUX fragment: file offset=0x9e707f8 size=30
CS ETM: AUX fragment: file offset=0x9f171a8 size=30
CS ETM: AUX fragment: file offset=0x9fc2bf8 size=30
CS ETM: AUX fragment: file offset=0xa05b5a8 size=30
CS ETM: AUX fragment: file offset=0xa0fac98 size=30
CS ETM: AUX fragment: file offset=0xa1a30e8 size=30
CS ETM: aux_event range     : [00000000..000a7e00]
CS ETM: auxtrace_event range: [00000000..000a7e00]
CS ETM: Queue buffer size: 0xa7e00 offset: 0 tid: 3182529 cpu: 61
CS ETM: Found format(etmq=0x84c7d0): format=2
CS ETM: aux_records: aux_size=0x9b940
CS ETM: AUX fragment: file offset=0x7998898 size=30
CS ETM: AUX fragment: file offset=0x7a34948 size=30
CS ETM: AUX fragment: file offset=0x7ad6358 size=30
CS ETM: AUX fragment: file offset=0x7b73088 size=30
CS ETM: AUX fragment: file offset=0x7c25ab8 size=30
CS ETM: AUX fragment: file offset=0x7ccdee8 size=30
CS ETM: AUX fragment: file offset=0x7d7acd8 size=30
CS ETM: AUX fragment: file offset=0x7e15cc8 size=30
CS ETM: AUX fragment: file offset=0x7eb3518 size=30
CS ETM: AUX fragment: file offset=0x7f4f0c8 size=30
CS ETM: AUX fragment: file offset=0x7ff4cb8 size=30
CS ETM: AUX fragment: file offset=0x8092768 size=30
CS ETM: AUX fragment: file offset=0x8138838 size=30
CS ETM: AUX fragment: file offset=0x81e6488 size=30
CS ETM: AUX fragment: file offset=0x82a4578 size=30
CS ETM: AUX fragment: file offset=0x8357968 size=30
CS ETM: AUX fragment: file offset=0x84065d8 size=30
CS ETM: AUX fragment: file offset=0x84be128 size=30
CS ETM: AUX fragment: file offset=0x85603d8 size=30
CS ETM: AUX fragment: file offset=0x85ff2c8 size=30
CS ETM: AUX fragment: file offset=0x8686358 size=30
CS ETM: AUX fragment: file offset=0x87210a8 size=30
CS ETM: AUX fragment: file offset=0x87d05f8 size=30
CS ETM: AUX fragment: file offset=0x88747e8 size=30
CS ETM: AUX fragment: file offset=0x8925bf8 size=30
CS ETM: AUX fragment: file offset=0x89ceb28 size=30
CS ETM: AUX fragment: file offset=0x8a65518 size=30
CS ETM: AUX fragment: file offset=0x8b01708 size=30
CS ETM: AUX fragment: file offset=0x8b9cd38 size=30
CS ETM: AUX fragment: file offset=0x8c605a8 size=30
CS ETM: AUX fragment: file offset=0x8d034d8 size=30
CS ETM: AUX fragment: file offset=0x8da15c8 size=30
CS ETM: AUX fragment: file offset=0x8e2f2d8 size=30
CS ETM: AUX fragment: file offset=0x8edc528 size=30
CS ETM: AUX fragment: file offset=0x8f7e518 size=30
CS ETM: AUX fragment: file offset=0x9015dc8 size=30
CS ETM: AUX fragment: file offset=0x90b0178 size=30
CS ETM: AUX fragment: file offset=0x915d7a8 size=30
CS ETM: AUX fragment: file offset=0x91f7f38 size=30
CS ETM: AUX fragment: file offset=0x92adfa8 size=30
CS ETM: AUX fragment: file offset=0x935c6d8 size=30
CS ETM: AUX fragment: file offset=0x93f9848 size=30
CS ETM: AUX fragment: file offset=0x94a1178 size=30
CS ETM: AUX fragment: file offset=0x956b1c8 size=30
CS ETM: AUX fragment: file offset=0x960cb38 size=30
CS ETM: AUX fragment: file offset=0x96b3728 size=30
CS ETM: AUX fragment: file offset=0x9761658 size=30
CS ETM: AUX fragment: file offset=0x980c708 size=30
CS ETM: AUX fragment: file offset=0x98b7218 size=30
CS ETM: AUX fragment: file offset=0x99606c8 size=30
CS ETM: AUX fragment: file offset=0x99f80f8 size=30
CS ETM: AUX fragment: file offset=0x9a9b0e8 size=30
CS ETM: AUX fragment: file offset=0x9b359b8 size=30
CS ETM: AUX fragment: file offset=0x9bd68e8 size=30
CS ETM: AUX fragment: file offset=0x9c73458 size=30
CS ETM: AUX fragment: file offset=0x9d36308 size=30
CS ETM: AUX fragment: file offset=0x9e707f8 size=30
CS ETM: AUX fragment: file offset=0x9f171a8 size=30
CS ETM: AUX fragment: file offset=0x9fc2bf8 size=30
CS ETM: AUX fragment: file offset=0xa05b5a8 size=30
CS ETM: AUX fragment: file offset=0xa0fac98 size=30
CS ETM: AUX fragment: file offset=0xa1a30e8 size=30
CS ETM: AUX fragment: file offset=0xa24c2d8 size=30
CS ETM: aux_event range     : [00000000..0009b940]
CS ETM: auxtrace_event range: [00000000..0009b940]
CS ETM: Queue buffer size: 0x9b940 offset: 0 tid: 3182529 cpu: 62
CS ETM: Found format(etmq=0x84c8d0): format=2
CS ETM: aux_records: aux_size=0xbb300
CS ETM: AUX fragment: file offset=0x7998898 size=30
CS ETM: AUX fragment: file offset=0x7a34948 size=30
CS ETM: AUX fragment: file offset=0x7ad6358 size=30
CS ETM: AUX fragment: file offset=0x7b73088 size=30
CS ETM: AUX fragment: file offset=0x7c25ab8 size=30
CS ETM: AUX fragment: file offset=0x7ccdee8 size=30
CS ETM: AUX fragment: file offset=0x7d7acd8 size=30
CS ETM: AUX fragment: file offset=0x7e15cc8 size=30
CS ETM: AUX fragment: file offset=0x7eb3518 size=30
CS ETM: AUX fragment: file offset=0x7f4f0c8 size=30
CS ETM: AUX fragment: file offset=0x7ff4cb8 size=30
CS ETM: AUX fragment: file offset=0x8092768 size=30
CS ETM: AUX fragment: file offset=0x8138838 size=30
CS ETM: AUX fragment: file offset=0x81e6488 size=30
CS ETM: AUX fragment: file offset=0x82a4578 size=30
CS ETM: AUX fragment: file offset=0x8357968 size=30
CS ETM: AUX fragment: file offset=0x84065d8 size=30
CS ETM: AUX fragment: file offset=0x84be128 size=30
CS ETM: AUX fragment: file offset=0x85603d8 size=30
CS ETM: AUX fragment: file offset=0x85ff2c8 size=30
CS ETM: AUX fragment: file offset=0x8686358 size=30
CS ETM: AUX fragment: file offset=0x87210a8 size=30
CS ETM: AUX fragment: file offset=0x87d05f8 size=30
CS ETM: AUX fragment: file offset=0x88747e8 size=30
CS ETM: AUX fragment: file offset=0x8925bf8 size=30
CS ETM: AUX fragment: file offset=0x89ceb28 size=30
CS ETM: AUX fragment: file offset=0x8a65518 size=30
CS ETM: AUX fragment: file offset=0x8b01708 size=30
CS ETM: AUX fragment: file offset=0x8b9cd38 size=30
CS ETM: AUX fragment: file offset=0x8c605a8 size=30
CS ETM: AUX fragment: file offset=0x8d034d8 size=30
CS ETM: AUX fragment: file offset=0x8da15c8 size=30
CS ETM: AUX fragment: file offset=0x8e2f2d8 size=30
CS ETM: AUX fragment: file offset=0x8edc528 size=30
CS ETM: AUX fragment: file offset=0x8f7e518 size=30
CS ETM: AUX fragment: file offset=0x9015dc8 size=30
CS ETM: AUX fragment: file offset=0x90b0178 size=30
CS ETM: AUX fragment: file offset=0x915d7a8 size=30
CS ETM: AUX fragment: file offset=0x91f7f38 size=30
CS ETM: AUX fragment: file offset=0x92adfa8 size=30
CS ETM: AUX fragment: file offset=0x935c6d8 size=30
CS ETM: AUX fragment: file offset=0x93f9848 size=30
CS ETM: AUX fragment: file offset=0x94a1178 size=30
CS ETM: AUX fragment: file offset=0x956b1c8 size=30
CS ETM: AUX fragment: file offset=0x960cb38 size=30
CS ETM: AUX fragment: file offset=0x96b3728 size=30
CS ETM: AUX fragment: file offset=0x9761658 size=30
CS ETM: AUX fragment: file offset=0x980c708 size=30
CS ETM: AUX fragment: file offset=0x98b7218 size=30
CS ETM: AUX fragment: file offset=0x99606c8 size=30
CS ETM: AUX fragment: file offset=0x99f80f8 size=30
CS ETM: AUX fragment: file offset=0x9a9b0e8 size=30
CS ETM: AUX fragment: file offset=0x9b359b8 size=30
CS ETM: AUX fragment: file offset=0x9bd68e8 size=30
CS ETM: AUX fragment: file offset=0x9c73458 size=30
CS ETM: AUX fragment: file offset=0x9d36308 size=30
CS ETM: AUX fragment: file offset=0x9e707f8 size=30
CS ETM: AUX fragment: file offset=0x9f171a8 size=30
CS ETM: AUX fragment: file offset=0x9fc2bf8 size=30
CS ETM: AUX fragment: file offset=0xa05b5a8 size=30
CS ETM: AUX fragment: file offset=0xa0fac98 size=30
CS ETM: AUX fragment: file offset=0xa1a30e8 size=30
CS ETM: AUX fragment: file offset=0xa24c2d8 size=30
CS ETM: AUX fragment: file offset=0xa2e8a08 size=30
CS ETM: aux_event range     : [00000000..000bb300]
CS ETM: auxtrace_event range: [00000000..000bb300]
CS ETM: Queue buffer size: 0xbb300 offset: 0 tid: 3182529 cpu: 63
CS ETM: Found format(etmq=0x84c9d0): format=2
CS ETM: aux_records: aux_size=0xa4bc0
CS ETM: AUX fragment: file offset=0x7998898 size=30
CS ETM: AUX fragment: file offset=0x7a34948 size=30
CS ETM: AUX fragment: file offset=0x7ad6358 size=30
CS ETM: AUX fragment: file offset=0x7b73088 size=30
CS ETM: AUX fragment: file offset=0x7c25ab8 size=30
CS ETM: AUX fragment: file offset=0x7ccdee8 size=30
CS ETM: AUX fragment: file offset=0x7d7acd8 size=30
CS ETM: AUX fragment: file offset=0x7e15cc8 size=30
CS ETM: AUX fragment: file offset=0x7eb3518 size=30
CS ETM: AUX fragment: file offset=0x7f4f0c8 size=30
CS ETM: AUX fragment: file offset=0x7ff4cb8 size=30
CS ETM: AUX fragment: file offset=0x8092768 size=30
CS ETM: AUX fragment: file offset=0x8138838 size=30
CS ETM: AUX fragment: file offset=0x81e6488 size=30
CS ETM: AUX fragment: file offset=0x82a4578 size=30
CS ETM: AUX fragment: file offset=0x8357968 size=30
CS ETM: AUX fragment: file offset=0x84065d8 size=30
CS ETM: AUX fragment: file offset=0x84be128 size=30
CS ETM: AUX fragment: file offset=0x85603d8 size=30
CS ETM: AUX fragment: file offset=0x85ff2c8 size=30
CS ETM: AUX fragment: file offset=0x8686358 size=30
CS ETM: AUX fragment: file offset=0x87210a8 size=30
CS ETM: AUX fragment: file offset=0x87d05f8 size=30
CS ETM: AUX fragment: file offset=0x88747e8 size=30
CS ETM: AUX fragment: file offset=0x8925bf8 size=30
CS ETM: AUX fragment: file offset=0x89ceb28 size=30
CS ETM: AUX fragment: file offset=0x8a65518 size=30
CS ETM: AUX fragment: file offset=0x8b01708 size=30
CS ETM: AUX fragment: file offset=0x8b9cd38 size=30
CS ETM: AUX fragment: file offset=0x8c605a8 size=30
CS ETM: AUX fragment: file offset=0x8d034d8 size=30
CS ETM: AUX fragment: file offset=0x8da15c8 size=30
CS ETM: AUX fragment: file offset=0x8e2f2d8 size=30
CS ETM: AUX fragment: file offset=0x8edc528 size=30
CS ETM: AUX fragment: file offset=0x8f7e518 size=30
CS ETM: AUX fragment: file offset=0x9015dc8 size=30
CS ETM: AUX fragment: file offset=0x90b0178 size=30
CS ETM: AUX fragment: file offset=0x915d7a8 size=30
CS ETM: AUX fragment: file offset=0x91f7f38 size=30
CS ETM: AUX fragment: file offset=0x92adfa8 size=30
CS ETM: AUX fragment: file offset=0x935c6d8 size=30
CS ETM: AUX fragment: file offset=0x93f9848 size=30
CS ETM: AUX fragment: file offset=0x94a1178 size=30
CS ETM: AUX fragment: file offset=0x956b1c8 size=30
CS ETM: AUX fragment: file offset=0x960cb38 size=30
CS ETM: AUX fragment: file offset=0x96b3728 size=30
CS ETM: AUX fragment: file offset=0x9761658 size=30
CS ETM: AUX fragment: file offset=0x980c708 size=30
CS ETM: AUX fragment: file offset=0x98b7218 size=30
CS ETM: AUX fragment: file offset=0x99606c8 size=30
CS ETM: AUX fragment: file offset=0x99f80f8 size=30
CS ETM: AUX fragment: file offset=0x9a9b0e8 size=30
CS ETM: AUX fragment: file offset=0x9b359b8 size=30
CS ETM: AUX fragment: file offset=0x9bd68e8 size=30
CS ETM: AUX fragment: file offset=0x9c73458 size=30
CS ETM: AUX fragment: file offset=0x9d36308 size=30
CS ETM: AUX fragment: file offset=0x9e707f8 size=30
CS ETM: AUX fragment: file offset=0x9f171a8 size=30
CS ETM: AUX fragment: file offset=0x9fc2bf8 size=30
CS ETM: AUX fragment: file offset=0xa05b5a8 size=30
CS ETM: AUX fragment: file offset=0xa0fac98 size=30
CS ETM: AUX fragment: file offset=0xa1a30e8 size=30
CS ETM: AUX fragment: file offset=0xa24c2d8 size=30
CS ETM: AUX fragment: file offset=0xa2e8a08 size=30
CS ETM: AUX fragment: file offset=0xa3a4978 size=30
CS ETM: aux_event range     : [00000000..000a4bc0]
CS ETM: auxtrace_event range: [00000000..000a4bc0]
CS ETM: Queue buffer size: 0xa4bc0 offset: 0 tid: 3182529 cpu: 64
CS ETM: Found format(etmq=0x84cad0): format=2
CS ETM: aux_records: aux_size=0x98800
CS ETM: AUX fragment: file offset=0x7998898 size=30
CS ETM: AUX fragment: file offset=0x7a34948 size=30
CS ETM: AUX fragment: file offset=0x7ad6358 size=30
CS ETM: AUX fragment: file offset=0x7b73088 size=30
CS ETM: AUX fragment: file offset=0x7c25ab8 size=30
CS ETM: AUX fragment: file offset=0x7ccdee8 size=30
CS ETM: AUX fragment: file offset=0x7d7acd8 size=30
CS ETM: AUX fragment: file offset=0x7e15cc8 size=30
CS ETM: AUX fragment: file offset=0x7eb3518 size=30
CS ETM: AUX fragment: file offset=0x7f4f0c8 size=30
CS ETM: AUX fragment: file offset=0x7ff4cb8 size=30
CS ETM: AUX fragment: file offset=0x8092768 size=30
CS ETM: AUX fragment: file offset=0x8138838 size=30
CS ETM: AUX fragment: file offset=0x81e6488 size=30
CS ETM: AUX fragment: file offset=0x82a4578 size=30
CS ETM: AUX fragment: file offset=0x8357968 size=30
CS ETM: AUX fragment: file offset=0x84065d8 size=30
CS ETM: AUX fragment: file offset=0x84be128 size=30
CS ETM: AUX fragment: file offset=0x85603d8 size=30
CS ETM: AUX fragment: file offset=0x85ff2c8 size=30
CS ETM: AUX fragment: file offset=0x8686358 size=30
CS ETM: AUX fragment: file offset=0x87210a8 size=30
CS ETM: AUX fragment: file offset=0x87d05f8 size=30
CS ETM: AUX fragment: file offset=0x88747e8 size=30
CS ETM: AUX fragment: file offset=0x8925bf8 size=30
CS ETM: AUX fragment: file offset=0x89ceb28 size=30
CS ETM: AUX fragment: file offset=0x8a65518 size=30
CS ETM: AUX fragment: file offset=0x8b01708 size=30
CS ETM: AUX fragment: file offset=0x8b9cd38 size=30
CS ETM: AUX fragment: file offset=0x8c605a8 size=30
CS ETM: AUX fragment: file offset=0x8d034d8 size=30
CS ETM: AUX fragment: file offset=0x8da15c8 size=30
CS ETM: AUX fragment: file offset=0x8e2f2d8 size=30
CS ETM: AUX fragment: file offset=0x8edc528 size=30
CS ETM: AUX fragment: file offset=0x8f7e518 size=30
CS ETM: AUX fragment: file offset=0x9015dc8 size=30
CS ETM: AUX fragment: file offset=0x90b0178 size=30
CS ETM: AUX fragment: file offset=0x915d7a8 size=30
CS ETM: AUX fragment: file offset=0x91f7f38 size=30
CS ETM: AUX fragment: file offset=0x92adfa8 size=30
CS ETM: AUX fragment: file offset=0x935c6d8 size=30
CS ETM: AUX fragment: file offset=0x93f9848 size=30
CS ETM: AUX fragment: file offset=0x94a1178 size=30
CS ETM: AUX fragment: file offset=0x956b1c8 size=30
CS ETM: AUX fragment: file offset=0x960cb38 size=30
CS ETM: AUX fragment: file offset=0x96b3728 size=30
CS ETM: AUX fragment: file offset=0x9761658 size=30
CS ETM: AUX fragment: file offset=0x980c708 size=30
CS ETM: AUX fragment: file offset=0x98b7218 size=30
CS ETM: AUX fragment: file offset=0x99606c8 size=30
CS ETM: AUX fragment: file offset=0x99f80f8 size=30
CS ETM: AUX fragment: file offset=0x9a9b0e8 size=30
CS ETM: AUX fragment: file offset=0x9b359b8 size=30
CS ETM: AUX fragment: file offset=0x9bd68e8 size=30
CS ETM: AUX fragment: file offset=0x9c73458 size=30
CS ETM: AUX fragment: file offset=0x9d36308 size=30
CS ETM: AUX fragment: file offset=0x9e707f8 size=30
CS ETM: AUX fragment: file offset=0x9f171a8 size=30
CS ETM: AUX fragment: file offset=0x9fc2bf8 size=30
CS ETM: AUX fragment: file offset=0xa05b5a8 size=30
CS ETM: AUX fragment: file offset=0xa0fac98 size=30
CS ETM: AUX fragment: file offset=0xa1a30e8 size=30
CS ETM: AUX fragment: file offset=0xa24c2d8 size=30
CS ETM: AUX fragment: file offset=0xa2e8a08 size=30
CS ETM: AUX fragment: file offset=0xa3a4978 size=30
CS ETM: AUX fragment: file offset=0xa44a628 size=30
CS ETM: aux_event range     : [00000000..00098800]
CS ETM: auxtrace_event range: [00000000..00098800]
CS ETM: Queue buffer size: 0x98800 offset: 0 tid: 3182529 cpu: 65
CS ETM: Found format(etmq=0x84cbd0): format=2
CS ETM: aux_records: aux_size=0xa6ec0
CS ETM: AUX fragment: file offset=0x7998898 size=30
CS ETM: AUX fragment: file offset=0x7a34948 size=30
CS ETM: AUX fragment: file offset=0x7ad6358 size=30
CS ETM: AUX fragment: file offset=0x7b73088 size=30
CS ETM: AUX fragment: file offset=0x7c25ab8 size=30
CS ETM: AUX fragment: file offset=0x7ccdee8 size=30
CS ETM: AUX fragment: file offset=0x7d7acd8 size=30
CS ETM: AUX fragment: file offset=0x7e15cc8 size=30
CS ETM: AUX fragment: file offset=0x7eb3518 size=30
CS ETM: AUX fragment: file offset=0x7f4f0c8 size=30
CS ETM: AUX fragment: file offset=0x7ff4cb8 size=30
CS ETM: AUX fragment: file offset=0x8092768 size=30
CS ETM: AUX fragment: file offset=0x8138838 size=30
CS ETM: AUX fragment: file offset=0x81e6488 size=30
CS ETM: AUX fragment: file offset=0x82a4578 size=30
CS ETM: AUX fragment: file offset=0x8357968 size=30
CS ETM: AUX fragment: file offset=0x84065d8 size=30
CS ETM: AUX fragment: file offset=0x84be128 size=30
CS ETM: AUX fragment: file offset=0x85603d8 size=30
CS ETM: AUX fragment: file offset=0x85ff2c8 size=30
CS ETM: AUX fragment: file offset=0x8686358 size=30
CS ETM: AUX fragment: file offset=0x87210a8 size=30
CS ETM: AUX fragment: file offset=0x87d05f8 size=30
CS ETM: AUX fragment: file offset=0x88747e8 size=30
CS ETM: AUX fragment: file offset=0x8925bf8 size=30
CS ETM: AUX fragment: file offset=0x89ceb28 size=30
CS ETM: AUX fragment: file offset=0x8a65518 size=30
CS ETM: AUX fragment: file offset=0x8b01708 size=30
CS ETM: AUX fragment: file offset=0x8b9cd38 size=30
CS ETM: AUX fragment: file offset=0x8c605a8 size=30
CS ETM: AUX fragment: file offset=0x8d034d8 size=30
CS ETM: AUX fragment: file offset=0x8da15c8 size=30
CS ETM: AUX fragment: file offset=0x8e2f2d8 size=30
CS ETM: AUX fragment: file offset=0x8edc528 size=30
CS ETM: AUX fragment: file offset=0x8f7e518 size=30
CS ETM: AUX fragment: file offset=0x9015dc8 size=30
CS ETM: AUX fragment: file offset=0x90b0178 size=30
CS ETM: AUX fragment: file offset=0x915d7a8 size=30
CS ETM: AUX fragment: file offset=0x91f7f38 size=30
CS ETM: AUX fragment: file offset=0x92adfa8 size=30
CS ETM: AUX fragment: file offset=0x935c6d8 size=30
CS ETM: AUX fragment: file offset=0x93f9848 size=30
CS ETM: AUX fragment: file offset=0x94a1178 size=30
CS ETM: AUX fragment: file offset=0x956b1c8 size=30
CS ETM: AUX fragment: file offset=0x960cb38 size=30
CS ETM: AUX fragment: file offset=0x96b3728 size=30
CS ETM: AUX fragment: file offset=0x9761658 size=30
CS ETM: AUX fragment: file offset=0x980c708 size=30
CS ETM: AUX fragment: file offset=0x98b7218 size=30
CS ETM: AUX fragment: file offset=0x99606c8 size=30
CS ETM: AUX fragment: file offset=0x99f80f8 size=30
CS ETM: AUX fragment: file offset=0x9a9b0e8 size=30
CS ETM: AUX fragment: file offset=0x9b359b8 size=30
CS ETM: AUX fragment: file offset=0x9bd68e8 size=30
CS ETM: AUX fragment: file offset=0x9c73458 size=30
CS ETM: AUX fragment: file offset=0x9d36308 size=30
CS ETM: AUX fragment: file offset=0x9e707f8 size=30
CS ETM: AUX fragment: file offset=0x9f171a8 size=30
CS ETM: AUX fragment: file offset=0x9fc2bf8 size=30
CS ETM: AUX fragment: file offset=0xa05b5a8 size=30
CS ETM: AUX fragment: file offset=0xa0fac98 size=30
CS ETM: AUX fragment: file offset=0xa1a30e8 size=30
CS ETM: AUX fragment: file offset=0xa24c2d8 size=30
CS ETM: AUX fragment: file offset=0xa2e8a08 size=30
CS ETM: AUX fragment: file offset=0xa3a4978 size=30
CS ETM: AUX fragment: file offset=0xa44a628 size=30
CS ETM: AUX fragment: file offset=0xa4e44b8 size=30
CS ETM: aux_event range     : [00000000..000a6ec0]
CS ETM: auxtrace_event range: [00000000..000a6ec0]
CS ETM: Queue buffer size: 0xa6ec0 offset: 0 tid: 3182529 cpu: 66
CS ETM: Found format(etmq=0x84ccd0): format=2
CS ETM: aux_records: aux_size=0xaa040
CS ETM: AUX fragment: file offset=0x7998898 size=30
CS ETM: AUX fragment: file offset=0x7a34948 size=30
CS ETM: AUX fragment: file offset=0x7ad6358 size=30
CS ETM: AUX fragment: file offset=0x7b73088 size=30
CS ETM: AUX fragment: file offset=0x7c25ab8 size=30
CS ETM: AUX fragment: file offset=0x7ccdee8 size=30
CS ETM: AUX fragment: file offset=0x7d7acd8 size=30
CS ETM: AUX fragment: file offset=0x7e15cc8 size=30
CS ETM: AUX fragment: file offset=0x7eb3518 size=30
CS ETM: AUX fragment: file offset=0x7f4f0c8 size=30
CS ETM: AUX fragment: file offset=0x7ff4cb8 size=30
CS ETM: AUX fragment: file offset=0x8092768 size=30
CS ETM: AUX fragment: file offset=0x8138838 size=30
CS ETM: AUX fragment: file offset=0x81e6488 size=30
CS ETM: AUX fragment: file offset=0x82a4578 size=30
CS ETM: AUX fragment: file offset=0x8357968 size=30
CS ETM: AUX fragment: file offset=0x84065d8 size=30
CS ETM: AUX fragment: file offset=0x84be128 size=30
CS ETM: AUX fragment: file offset=0x85603d8 size=30
CS ETM: AUX fragment: file offset=0x85ff2c8 size=30
CS ETM: AUX fragment: file offset=0x8686358 size=30
CS ETM: AUX fragment: file offset=0x87210a8 size=30
CS ETM: AUX fragment: file offset=0x87d05f8 size=30
CS ETM: AUX fragment: file offset=0x88747e8 size=30
CS ETM: AUX fragment: file offset=0x8925bf8 size=30
CS ETM: AUX fragment: file offset=0x89ceb28 size=30
CS ETM: AUX fragment: file offset=0x8a65518 size=30
CS ETM: AUX fragment: file offset=0x8b01708 size=30
CS ETM: AUX fragment: file offset=0x8b9cd38 size=30
CS ETM: AUX fragment: file offset=0x8c605a8 size=30
CS ETM: AUX fragment: file offset=0x8d034d8 size=30
CS ETM: AUX fragment: file offset=0x8da15c8 size=30
CS ETM: AUX fragment: file offset=0x8e2f2d8 size=30
CS ETM: AUX fragment: file offset=0x8edc528 size=30
CS ETM: AUX fragment: file offset=0x8f7e518 size=30
CS ETM: AUX fragment: file offset=0x9015dc8 size=30
CS ETM: AUX fragment: file offset=0x90b0178 size=30
CS ETM: AUX fragment: file offset=0x915d7a8 size=30
CS ETM: AUX fragment: file offset=0x91f7f38 size=30
CS ETM: AUX fragment: file offset=0x92adfa8 size=30
CS ETM: AUX fragment: file offset=0x935c6d8 size=30
CS ETM: AUX fragment: file offset=0x93f9848 size=30
CS ETM: AUX fragment: file offset=0x94a1178 size=30
CS ETM: AUX fragment: file offset=0x956b1c8 size=30
CS ETM: AUX fragment: file offset=0x960cb38 size=30
CS ETM: AUX fragment: file offset=0x96b3728 size=30
CS ETM: AUX fragment: file offset=0x9761658 size=30
CS ETM: AUX fragment: file offset=0x980c708 size=30
CS ETM: AUX fragment: file offset=0x98b7218 size=30
CS ETM: AUX fragment: file offset=0x99606c8 size=30
CS ETM: AUX fragment: file offset=0x99f80f8 size=30
CS ETM: AUX fragment: file offset=0x9a9b0e8 size=30
CS ETM: AUX fragment: file offset=0x9b359b8 size=30
CS ETM: AUX fragment: file offset=0x9bd68e8 size=30
CS ETM: AUX fragment: file offset=0x9c73458 size=30
CS ETM: AUX fragment: file offset=0x9d36308 size=30
CS ETM: AUX fragment: file offset=0x9e707f8 size=30
CS ETM: AUX fragment: file offset=0x9f171a8 size=30
CS ETM: AUX fragment: file offset=0x9fc2bf8 size=30
CS ETM: AUX fragment: file offset=0xa05b5a8 size=30
CS ETM: AUX fragment: file offset=0xa0fac98 size=30
CS ETM: AUX fragment: file offset=0xa1a30e8 size=30
CS ETM: AUX fragment: file offset=0xa24c2d8 size=30
CS ETM: AUX fragment: file offset=0xa2e8a08 size=30
CS ETM: AUX fragment: file offset=0xa3a4978 size=30
CS ETM: AUX fragment: file offset=0xa44a628 size=30
CS ETM: AUX fragment: file offset=0xa4e44b8 size=30
CS ETM: AUX fragment: file offset=0xa58c408 size=30
CS ETM: aux_event range     : [00000000..000aa040]
CS ETM: auxtrace_event range: [00000000..000aa040]
CS ETM: Queue buffer size: 0xaa040 offset: 0 tid: 3182529 cpu: 67
CS ETM: Found format(etmq=0x84cdd0): format=2
CS ETM: aux_records: aux_size=0x9a0c0
CS ETM: AUX fragment: file offset=0x7998898 size=30
CS ETM: AUX fragment: file offset=0x7a34948 size=30
CS ETM: AUX fragment: file offset=0x7ad6358 size=30
CS ETM: AUX fragment: file offset=0x7b73088 size=30
CS ETM: AUX fragment: file offset=0x7c25ab8 size=30
CS ETM: AUX fragment: file offset=0x7ccdee8 size=30
CS ETM: AUX fragment: file offset=0x7d7acd8 size=30
CS ETM: AUX fragment: file offset=0x7e15cc8 size=30
CS ETM: AUX fragment: file offset=0x7eb3518 size=30
CS ETM: AUX fragment: file offset=0x7f4f0c8 size=30
CS ETM: AUX fragment: file offset=0x7ff4cb8 size=30
CS ETM: AUX fragment: file offset=0x8092768 size=30
CS ETM: AUX fragment: file offset=0x8138838 size=30
CS ETM: AUX fragment: file offset=0x81e6488 size=30
CS ETM: AUX fragment: file offset=0x82a4578 size=30
CS ETM: AUX fragment: file offset=0x8357968 size=30
CS ETM: AUX fragment: file offset=0x84065d8 size=30
CS ETM: AUX fragment: file offset=0x84be128 size=30
CS ETM: AUX fragment: file offset=0x85603d8 size=30
CS ETM: AUX fragment: file offset=0x85ff2c8 size=30
CS ETM: AUX fragment: file offset=0x8686358 size=30
CS ETM: AUX fragment: file offset=0x87210a8 size=30
CS ETM: AUX fragment: file offset=0x87d05f8 size=30
CS ETM: AUX fragment: file offset=0x88747e8 size=30
CS ETM: AUX fragment: file offset=0x8925bf8 size=30
CS ETM: AUX fragment: file offset=0x89ceb28 size=30
CS ETM: AUX fragment: file offset=0x8a65518 size=30
CS ETM: AUX fragment: file offset=0x8b01708 size=30
CS ETM: AUX fragment: file offset=0x8b9cd38 size=30
CS ETM: AUX fragment: file offset=0x8c605a8 size=30
CS ETM: AUX fragment: file offset=0x8d034d8 size=30
CS ETM: AUX fragment: file offset=0x8da15c8 size=30
CS ETM: AUX fragment: file offset=0x8e2f2d8 size=30
CS ETM: AUX fragment: file offset=0x8edc528 size=30
CS ETM: AUX fragment: file offset=0x8f7e518 size=30
CS ETM: AUX fragment: file offset=0x9015dc8 size=30
CS ETM: AUX fragment: file offset=0x90b0178 size=30
CS ETM: AUX fragment: file offset=0x915d7a8 size=30
CS ETM: AUX fragment: file offset=0x91f7f38 size=30
CS ETM: AUX fragment: file offset=0x92adfa8 size=30
CS ETM: AUX fragment: file offset=0x935c6d8 size=30
CS ETM: AUX fragment: file offset=0x93f9848 size=30
CS ETM: AUX fragment: file offset=0x94a1178 size=30
CS ETM: AUX fragment: file offset=0x956b1c8 size=30
CS ETM: AUX fragment: file offset=0x960cb38 size=30
CS ETM: AUX fragment: file offset=0x96b3728 size=30
CS ETM: AUX fragment: file offset=0x9761658 size=30
CS ETM: AUX fragment: file offset=0x980c708 size=30
CS ETM: AUX fragment: file offset=0x98b7218 size=30
CS ETM: AUX fragment: file offset=0x99606c8 size=30
CS ETM: AUX fragment: file offset=0x99f80f8 size=30
CS ETM: AUX fragment: file offset=0x9a9b0e8 size=30
CS ETM: AUX fragment: file offset=0x9b359b8 size=30
CS ETM: AUX fragment: file offset=0x9bd68e8 size=30
CS ETM: AUX fragment: file offset=0x9c73458 size=30
CS ETM: AUX fragment: file offset=0x9d36308 size=30
CS ETM: AUX fragment: file offset=0x9e707f8 size=30
CS ETM: AUX fragment: file offset=0x9f171a8 size=30
CS ETM: AUX fragment: file offset=0x9fc2bf8 size=30
CS ETM: AUX fragment: file offset=0xa05b5a8 size=30
CS ETM: AUX fragment: file offset=0xa0fac98 size=30
CS ETM: AUX fragment: file offset=0xa1a30e8 size=30
CS ETM: AUX fragment: file offset=0xa24c2d8 size=30
CS ETM: AUX fragment: file offset=0xa2e8a08 size=30
CS ETM: AUX fragment: file offset=0xa3a4978 size=30
CS ETM: AUX fragment: file offset=0xa44a628 size=30
CS ETM: AUX fragment: file offset=0xa4e44b8 size=30
CS ETM: AUX fragment: file offset=0xa58c408 size=30
CS ETM: AUX fragment: file offset=0xa637958 size=30
CS ETM: aux_event range     : [00000000..0009a0c0]
CS ETM: auxtrace_event range: [00000000..0009a0c0]
CS ETM: Queue buffer size: 0x9a0c0 offset: 0 tid: 3182529 cpu: 68
CS ETM: Found format(etmq=0x84ced0): format=2
CS ETM: aux_records: aux_size=0xb6740
CS ETM: AUX fragment: file offset=0x7998898 size=30
CS ETM: AUX fragment: file offset=0x7a34948 size=30
CS ETM: AUX fragment: file offset=0x7ad6358 size=30
CS ETM: AUX fragment: file offset=0x7b73088 size=30
CS ETM: AUX fragment: file offset=0x7c25ab8 size=30
CS ETM: AUX fragment: file offset=0x7ccdee8 size=30
CS ETM: AUX fragment: file offset=0x7d7acd8 size=30
CS ETM: AUX fragment: file offset=0x7e15cc8 size=30
CS ETM: AUX fragment: file offset=0x7eb3518 size=30
CS ETM: AUX fragment: file offset=0x7f4f0c8 size=30
CS ETM: AUX fragment: file offset=0x7ff4cb8 size=30
CS ETM: AUX fragment: file offset=0x8092768 size=30
CS ETM: AUX fragment: file offset=0x8138838 size=30
CS ETM: AUX fragment: file offset=0x81e6488 size=30
CS ETM: AUX fragment: file offset=0x82a4578 size=30
CS ETM: AUX fragment: file offset=0x8357968 size=30
CS ETM: AUX fragment: file offset=0x84065d8 size=30
CS ETM: AUX fragment: file offset=0x84be128 size=30
CS ETM: AUX fragment: file offset=0x85603d8 size=30
CS ETM: AUX fragment: file offset=0x85ff2c8 size=30
CS ETM: AUX fragment: file offset=0x8686358 size=30
CS ETM: AUX fragment: file offset=0x87210a8 size=30
CS ETM: AUX fragment: file offset=0x87d05f8 size=30
CS ETM: AUX fragment: file offset=0x88747e8 size=30
CS ETM: AUX fragment: file offset=0x8925bf8 size=30
CS ETM: AUX fragment: file offset=0x89ceb28 size=30
CS ETM: AUX fragment: file offset=0x8a65518 size=30
CS ETM: AUX fragment: file offset=0x8b01708 size=30
CS ETM: AUX fragment: file offset=0x8b9cd38 size=30
CS ETM: AUX fragment: file offset=0x8c605a8 size=30
CS ETM: AUX fragment: file offset=0x8d034d8 size=30
CS ETM: AUX fragment: file offset=0x8da15c8 size=30
CS ETM: AUX fragment: file offset=0x8e2f2d8 size=30
CS ETM: AUX fragment: file offset=0x8edc528 size=30
CS ETM: AUX fragment: file offset=0x8f7e518 size=30
CS ETM: AUX fragment: file offset=0x9015dc8 size=30
CS ETM: AUX fragment: file offset=0x90b0178 size=30
CS ETM: AUX fragment: file offset=0x915d7a8 size=30
CS ETM: AUX fragment: file offset=0x91f7f38 size=30
CS ETM: AUX fragment: file offset=0x92adfa8 size=30
CS ETM: AUX fragment: file offset=0x935c6d8 size=30
CS ETM: AUX fragment: file offset=0x93f9848 size=30
CS ETM: AUX fragment: file offset=0x94a1178 size=30
CS ETM: AUX fragment: file offset=0x956b1c8 size=30
CS ETM: AUX fragment: file offset=0x960cb38 size=30
CS ETM: AUX fragment: file offset=0x96b3728 size=30
CS ETM: AUX fragment: file offset=0x9761658 size=30
CS ETM: AUX fragment: file offset=0x980c708 size=30
CS ETM: AUX fragment: file offset=0x98b7218 size=30
CS ETM: AUX fragment: file offset=0x99606c8 size=30
CS ETM: AUX fragment: file offset=0x99f80f8 size=30
CS ETM: AUX fragment: file offset=0x9a9b0e8 size=30
CS ETM: AUX fragment: file offset=0x9b359b8 size=30
CS ETM: AUX fragment: file offset=0x9bd68e8 size=30
CS ETM: AUX fragment: file offset=0x9c73458 size=30
CS ETM: AUX fragment: file offset=0x9d36308 size=30
CS ETM: AUX fragment: file offset=0x9e707f8 size=30
CS ETM: AUX fragment: file offset=0x9f171a8 size=30
CS ETM: AUX fragment: file offset=0x9fc2bf8 size=30
CS ETM: AUX fragment: file offset=0xa05b5a8 size=30
CS ETM: AUX fragment: file offset=0xa0fac98 size=30
CS ETM: AUX fragment: file offset=0xa1a30e8 size=30
CS ETM: AUX fragment: file offset=0xa24c2d8 size=30
CS ETM: AUX fragment: file offset=0xa2e8a08 size=30
CS ETM: AUX fragment: file offset=0xa3a4978 size=30
CS ETM: AUX fragment: file offset=0xa44a628 size=30
CS ETM: AUX fragment: file offset=0xa4e44b8 size=30
CS ETM: AUX fragment: file offset=0xa58c408 size=30
CS ETM: AUX fragment: file offset=0xa637958 size=30
CS ETM: AUX fragment: file offset=0xa6d2bc8 size=30
CS ETM: aux_event range     : [00000000..000b6740]
CS ETM: auxtrace_event range: [00000000..000b6740]
CS ETM: Queue buffer size: 0xb6740 offset: 0 tid: 3182529 cpu: 69
CS ETM: Found format(etmq=0x84cfd0): format=2
CS ETM: aux_records: aux_size=0x97500
CS ETM: AUX fragment: file offset=0x7998898 size=30
CS ETM: AUX fragment: file offset=0x7a34948 size=30
CS ETM: AUX fragment: file offset=0x7ad6358 size=30
CS ETM: AUX fragment: file offset=0x7b73088 size=30
CS ETM: AUX fragment: file offset=0x7c25ab8 size=30
CS ETM: AUX fragment: file offset=0x7ccdee8 size=30
CS ETM: AUX fragment: file offset=0x7d7acd8 size=30
CS ETM: AUX fragment: file offset=0x7e15cc8 size=30
CS ETM: AUX fragment: file offset=0x7eb3518 size=30
CS ETM: AUX fragment: file offset=0x7f4f0c8 size=30
CS ETM: AUX fragment: file offset=0x7ff4cb8 size=30
CS ETM: AUX fragment: file offset=0x8092768 size=30
CS ETM: AUX fragment: file offset=0x8138838 size=30
CS ETM: AUX fragment: file offset=0x81e6488 size=30
CS ETM: AUX fragment: file offset=0x82a4578 size=30
CS ETM: AUX fragment: file offset=0x8357968 size=30
CS ETM: AUX fragment: file offset=0x84065d8 size=30
CS ETM: AUX fragment: file offset=0x84be128 size=30
CS ETM: AUX fragment: file offset=0x85603d8 size=30
CS ETM: AUX fragment: file offset=0x85ff2c8 size=30
CS ETM: AUX fragment: file offset=0x8686358 size=30
CS ETM: AUX fragment: file offset=0x87210a8 size=30
CS ETM: AUX fragment: file offset=0x87d05f8 size=30
CS ETM: AUX fragment: file offset=0x88747e8 size=30
CS ETM: AUX fragment: file offset=0x8925bf8 size=30
CS ETM: AUX fragment: file offset=0x89ceb28 size=30
CS ETM: AUX fragment: file offset=0x8a65518 size=30
CS ETM: AUX fragment: file offset=0x8b01708 size=30
CS ETM: AUX fragment: file offset=0x8b9cd38 size=30
CS ETM: AUX fragment: file offset=0x8c605a8 size=30
CS ETM: AUX fragment: file offset=0x8d034d8 size=30
CS ETM: AUX fragment: file offset=0x8da15c8 size=30
CS ETM: AUX fragment: file offset=0x8e2f2d8 size=30
CS ETM: AUX fragment: file offset=0x8edc528 size=30
CS ETM: AUX fragment: file offset=0x8f7e518 size=30
CS ETM: AUX fragment: file offset=0x9015dc8 size=30
CS ETM: AUX fragment: file offset=0x90b0178 size=30
CS ETM: AUX fragment: file offset=0x915d7a8 size=30
CS ETM: AUX fragment: file offset=0x91f7f38 size=30
CS ETM: AUX fragment: file offset=0x92adfa8 size=30
CS ETM: AUX fragment: file offset=0x935c6d8 size=30
CS ETM: AUX fragment: file offset=0x93f9848 size=30
CS ETM: AUX fragment: file offset=0x94a1178 size=30
CS ETM: AUX fragment: file offset=0x956b1c8 size=30
CS ETM: AUX fragment: file offset=0x960cb38 size=30
CS ETM: AUX fragment: file offset=0x96b3728 size=30
CS ETM: AUX fragment: file offset=0x9761658 size=30
CS ETM: AUX fragment: file offset=0x980c708 size=30
CS ETM: AUX fragment: file offset=0x98b7218 size=30
CS ETM: AUX fragment: file offset=0x99606c8 size=30
CS ETM: AUX fragment: file offset=0x99f80f8 size=30
CS ETM: AUX fragment: file offset=0x9a9b0e8 size=30
CS ETM: AUX fragment: file offset=0x9b359b8 size=30
CS ETM: AUX fragment: file offset=0x9bd68e8 size=30
CS ETM: AUX fragment: file offset=0x9c73458 size=30
CS ETM: AUX fragment: file offset=0x9d36308 size=30
CS ETM: AUX fragment: file offset=0x9e707f8 size=30
CS ETM: AUX fragment: file offset=0x9f171a8 size=30
CS ETM: AUX fragment: file offset=0x9fc2bf8 size=30
CS ETM: AUX fragment: file offset=0xa05b5a8 size=30
CS ETM: AUX fragment: file offset=0xa0fac98 size=30
CS ETM: AUX fragment: file offset=0xa1a30e8 size=30
CS ETM: AUX fragment: file offset=0xa24c2d8 size=30
CS ETM: AUX fragment: file offset=0xa2e8a08 size=30
CS ETM: AUX fragment: file offset=0xa3a4978 size=30
CS ETM: AUX fragment: file offset=0xa44a628 size=30
CS ETM: AUX fragment: file offset=0xa4e44b8 size=30
CS ETM: AUX fragment: file offset=0xa58c408 size=30
CS ETM: AUX fragment: file offset=0xa637958 size=30
CS ETM: AUX fragment: file offset=0xa6d2bc8 size=30
CS ETM: AUX fragment: file offset=0xa78a398 size=30
CS ETM: aux_event range     : [00000000..00097500]
CS ETM: auxtrace_event range: [00000000..00097500]
CS ETM: Queue buffer size: 0x97500 offset: 0 tid: 3182529 cpu: 70
CS ETM: Found format(etmq=0x84d0d0): format=2
CS ETM: aux_records: aux_size=0x93440
CS ETM: AUX fragment: file offset=0x7998898 size=30
CS ETM: AUX fragment: file offset=0x7a34948 size=30
CS ETM: AUX fragment: file offset=0x7ad6358 size=30
CS ETM: AUX fragment: file offset=0x7b73088 size=30
CS ETM: AUX fragment: file offset=0x7c25ab8 size=30
CS ETM: AUX fragment: file offset=0x7ccdee8 size=30
CS ETM: AUX fragment: file offset=0x7d7acd8 size=30
CS ETM: AUX fragment: file offset=0x7e15cc8 size=30
CS ETM: AUX fragment: file offset=0x7eb3518 size=30
CS ETM: AUX fragment: file offset=0x7f4f0c8 size=30
CS ETM: AUX fragment: file offset=0x7ff4cb8 size=30
CS ETM: AUX fragment: file offset=0x8092768 size=30
CS ETM: AUX fragment: file offset=0x8138838 size=30
CS ETM: AUX fragment: file offset=0x81e6488 size=30
CS ETM: AUX fragment: file offset=0x82a4578 size=30
CS ETM: AUX fragment: file offset=0x8357968 size=30
CS ETM: AUX fragment: file offset=0x84065d8 size=30
CS ETM: AUX fragment: file offset=0x84be128 size=30
CS ETM: AUX fragment: file offset=0x85603d8 size=30
CS ETM: AUX fragment: file offset=0x85ff2c8 size=30
CS ETM: AUX fragment: file offset=0x8686358 size=30
CS ETM: AUX fragment: file offset=0x87210a8 size=30
CS ETM: AUX fragment: file offset=0x87d05f8 size=30
CS ETM: AUX fragment: file offset=0x88747e8 size=30
CS ETM: AUX fragment: file offset=0x8925bf8 size=30
CS ETM: AUX fragment: file offset=0x89ceb28 size=30
CS ETM: AUX fragment: file offset=0x8a65518 size=30
CS ETM: AUX fragment: file offset=0x8b01708 size=30
CS ETM: AUX fragment: file offset=0x8b9cd38 size=30
CS ETM: AUX fragment: file offset=0x8c605a8 size=30
CS ETM: AUX fragment: file offset=0x8d034d8 size=30
CS ETM: AUX fragment: file offset=0x8da15c8 size=30
CS ETM: AUX fragment: file offset=0x8e2f2d8 size=30
CS ETM: AUX fragment: file offset=0x8edc528 size=30
CS ETM: AUX fragment: file offset=0x8f7e518 size=30
CS ETM: AUX fragment: file offset=0x9015dc8 size=30
CS ETM: AUX fragment: file offset=0x90b0178 size=30
CS ETM: AUX fragment: file offset=0x915d7a8 size=30
CS ETM: AUX fragment: file offset=0x91f7f38 size=30
CS ETM: AUX fragment: file offset=0x92adfa8 size=30
CS ETM: AUX fragment: file offset=0x935c6d8 size=30
CS ETM: AUX fragment: file offset=0x93f9848 size=30
CS ETM: AUX fragment: file offset=0x94a1178 size=30
CS ETM: AUX fragment: file offset=0x956b1c8 size=30
CS ETM: AUX fragment: file offset=0x960cb38 size=30
CS ETM: AUX fragment: file offset=0x96b3728 size=30
CS ETM: AUX fragment: file offset=0x9761658 size=30
CS ETM: AUX fragment: file offset=0x980c708 size=30
CS ETM: AUX fragment: file offset=0x98b7218 size=30
CS ETM: AUX fragment: file offset=0x99606c8 size=30
CS ETM: AUX fragment: file offset=0x99f80f8 size=30
CS ETM: AUX fragment: file offset=0x9a9b0e8 size=30
CS ETM: AUX fragment: file offset=0x9b359b8 size=30
CS ETM: AUX fragment: file offset=0x9bd68e8 size=30
CS ETM: AUX fragment: file offset=0x9c73458 size=30
CS ETM: AUX fragment: file offset=0x9d36308 size=30
CS ETM: AUX fragment: file offset=0x9e707f8 size=30
CS ETM: AUX fragment: file offset=0x9f171a8 size=30
CS ETM: AUX fragment: file offset=0x9fc2bf8 size=30
CS ETM: AUX fragment: file offset=0xa05b5a8 size=30
CS ETM: AUX fragment: file offset=0xa0fac98 size=30
CS ETM: AUX fragment: file offset=0xa1a30e8 size=30
CS ETM: AUX fragment: file offset=0xa24c2d8 size=30
CS ETM: AUX fragment: file offset=0xa2e8a08 size=30
CS ETM: AUX fragment: file offset=0xa3a4978 size=30
CS ETM: AUX fragment: file offset=0xa44a628 size=30
CS ETM: AUX fragment: file offset=0xa4e44b8 size=30
CS ETM: AUX fragment: file offset=0xa58c408 size=30
CS ETM: AUX fragment: file offset=0xa637958 size=30
CS ETM: AUX fragment: file offset=0xa6d2bc8 size=30
CS ETM: AUX fragment: file offset=0xa78a398 size=30
CS ETM: AUX fragment: file offset=0xa8231c8 size=30
CS ETM: aux_event range     : [00000000..00093440]
CS ETM: auxtrace_event range: [00000000..00093440]
CS ETM: Queue buffer size: 0x93440 offset: 0 tid: 3182529 cpu: 71
CS ETM: Found format(etmq=0x84d1d0): format=2
CS ETM: event=AUX_OUTPUT_HW_ID hw_id=0x100003744496a10
CS ETM: HW_ID sample cpu=0 tid=3182529 hw_id=0x100003744496a10 major=0 minor=1 sink=0x3744496a trace_id=0x10 per_thread=0
CS ETM: map HW_ID hw_id=0x100003744496a10 cpu=0 queue=0 etmq=0x848ad0 sink old=0xffffffff new=0x3744496a trace_id=0x10 list=0x848b90 own=0x848b90 nr=0 format=2 per_thread=0
CS ETM: sink match queue=0 other_queue=0 etmq=0x848ad0 other_etmq=0x848ad0 list=0x848b90 other_list=0x848b90 nr=0 other_nr=0 sink=0x3744496a
CS ETM: insert trace ID queue=0 etmq=0x848ad0 trace_id=0x10 list=0x848b90 nr_before=0 cpu=0 cpu_data=0x845e90 inode=0x845880 inode_priv=(nil)
CS ETM: inserted trace ID queue=0 trace_id=0x10 list=0x848b90 nr_after=1 cpu=0
CS ETM: mapped HW_ID cpu=0 queue=0 trace_id=0x10 sink=0x3744496a list=0x848b90 nr=1
CS ETM: event=AUX_OUTPUT_HW_ID hw_id=0x10000058ca32312
CS ETM: HW_ID sample cpu=1 tid=3182529 hw_id=0x10000058ca32312 major=0 minor=1 sink=0x58ca323 trace_id=0x12 per_thread=0
CS ETM: map HW_ID hw_id=0x10000058ca32312 cpu=1 queue=1 etmq=0x848bd0 sink old=0xffffffff new=0x58ca323 trace_id=0x12 list=0x848c90 own=0x848c90 nr=0 format=2 per_thread=0
CS ETM: sink match queue=1 other_queue=1 etmq=0x848bd0 other_etmq=0x848bd0 list=0x848c90 other_list=0x848c90 nr=0 other_nr=0 sink=0x58ca323
CS ETM: insert trace ID queue=1 etmq=0x848bd0 trace_id=0x12 list=0x848c90 nr_before=0 cpu=1 cpu_data=0x845f00 inode=0x84fad0 inode_priv=(nil)
CS ETM: inserted trace ID queue=1 trace_id=0x12 list=0x848c90 nr_after=1 cpu=1
CS ETM: mapped HW_ID cpu=1 queue=1 trace_id=0x12 sink=0x58ca323 list=0x848c90 nr=1
CS ETM: event=AUX_OUTPUT_HW_ID hw_id=0x10000d3d4fcdc14
CS ETM: HW_ID sample cpu=2 tid=3182529 hw_id=0x10000d3d4fcdc14 major=0 minor=1 sink=0xd3d4fcdc trace_id=0x14 per_thread=0
CS ETM: map HW_ID hw_id=0x10000d3d4fcdc14 cpu=2 queue=2 etmq=0x848cd0 sink old=0xffffffff new=0xd3d4fcdc trace_id=0x14 list=0x848d90 own=0x848d90 nr=0 format=2 per_thread=0
CS ETM: sink match queue=2 other_queue=2 etmq=0x848cd0 other_etmq=0x848cd0 list=0x848d90 other_list=0x848d90 nr=0 other_nr=0 sink=0xd3d4fcdc
CS ETM: insert trace ID queue=2 etmq=0x848cd0 trace_id=0x14 list=0x848d90 nr_before=0 cpu=2 cpu_data=0x845f70 inode=0x84fb00 inode_priv=(nil)
CS ETM: inserted trace ID queue=2 trace_id=0x14 list=0x848d90 nr_after=1 cpu=2
CS ETM: mapped HW_ID cpu=2 queue=2 trace_id=0x14 sink=0xd3d4fcdc list=0x848d90 nr=1
CS ETM: event=AUX_OUTPUT_HW_ID hw_id=0x10000a21d569516
CS ETM: HW_ID sample cpu=3 tid=3182529 hw_id=0x10000a21d569516 major=0 minor=1 sink=0xa21d5695 trace_id=0x16 per_thread=0
CS ETM: map HW_ID hw_id=0x10000a21d569516 cpu=3 queue=3 etmq=0x848dd0 sink old=0xffffffff new=0xa21d5695 trace_id=0x16 list=0x848e90 own=0x848e90 nr=0 format=2 per_thread=0
CS ETM: sink match queue=3 other_queue=3 etmq=0x848dd0 other_etmq=0x848dd0 list=0x848e90 other_list=0x848e90 nr=0 other_nr=0 sink=0xa21d5695
CS ETM: insert trace ID queue=3 etmq=0x848dd0 trace_id=0x16 list=0x848e90 nr_before=0 cpu=3 cpu_data=0x845fe0 inode=0x84fb30 inode_priv=(nil)
CS ETM: inserted trace ID queue=3 trace_id=0x16 list=0x848e90 nr_after=1 cpu=3
CS ETM: mapped HW_ID cpu=3 queue=3 trace_id=0x16 sink=0xa21d5695 list=0x848e90 nr=1
CS ETM: event=AUX_OUTPUT_HW_ID hw_id=0x100007065b04e18
CS ETM: HW_ID sample cpu=4 tid=3182529 hw_id=0x100007065b04e18 major=0 minor=1 sink=0x7065b04e trace_id=0x18 per_thread=0
CS ETM: map HW_ID hw_id=0x100007065b04e18 cpu=4 queue=4 etmq=0x848ed0 sink old=0xffffffff new=0x7065b04e trace_id=0x18 list=0x848f90 own=0x848f90 nr=0 format=2 per_thread=0
CS ETM: sink match queue=4 other_queue=4 etmq=0x848ed0 other_etmq=0x848ed0 list=0x848f90 other_list=0x848f90 nr=0 other_nr=0 sink=0x7065b04e
CS ETM: insert trace ID queue=4 etmq=0x848ed0 trace_id=0x18 list=0x848f90 nr_before=0 cpu=4 cpu_data=0x846050 inode=0x84fb60 inode_priv=(nil)
CS ETM: inserted trace ID queue=4 trace_id=0x18 list=0x848f90 nr_after=1 cpu=4
CS ETM: mapped HW_ID cpu=4 queue=4 trace_id=0x18 sink=0x7065b04e list=0x848f90 nr=1
CS ETM: event=AUX_OUTPUT_HW_ID hw_id=0x100003eae0a071a
CS ETM: HW_ID sample cpu=5 tid=3182529 hw_id=0x100003eae0a071a major=0 minor=1 sink=0x3eae0a07 trace_id=0x1a per_thread=0
CS ETM: map HW_ID hw_id=0x100003eae0a071a cpu=5 queue=5 etmq=0x848fd0 sink old=0xffffffff new=0x3eae0a07 trace_id=0x1a list=0x849090 own=0x849090 nr=0 format=2 per_thread=0
CS ETM: sink match queue=5 other_queue=5 etmq=0x848fd0 other_etmq=0x848fd0 list=0x849090 other_list=0x849090 nr=0 other_nr=0 sink=0x3eae0a07
CS ETM: insert trace ID queue=5 etmq=0x848fd0 trace_id=0x1a list=0x849090 nr_before=0 cpu=5 cpu_data=0x8460c0 inode=0x84fb90 inode_priv=(nil)
CS ETM: inserted trace ID queue=5 trace_id=0x1a list=0x849090 nr_after=1 cpu=5
CS ETM: mapped HW_ID cpu=5 queue=5 trace_id=0x1a sink=0x3eae0a07 list=0x849090 nr=1
CS ETM: event=AUX_OUTPUT_HW_ID hw_id=0x100000cf663c01c
CS ETM: HW_ID sample cpu=6 tid=3182529 hw_id=0x100000cf663c01c major=0 minor=1 sink=0xcf663c0 trace_id=0x1c per_thread=0
CS ETM: map HW_ID hw_id=0x100000cf663c01c cpu=6 queue=6 etmq=0x8490d0 sink old=0xffffffff new=0xcf663c0 trace_id=0x1c list=0x849190 own=0x849190 nr=0 format=2 per_thread=0
CS ETM: sink match queue=6 other_queue=6 etmq=0x8490d0 other_etmq=0x8490d0 list=0x849190 other_list=0x849190 nr=0 other_nr=0 sink=0xcf663c0
CS ETM: insert trace ID queue=6 etmq=0x8490d0 trace_id=0x1c list=0x849190 nr_before=0 cpu=6 cpu_data=0x846130 inode=0x84fbc0 inode_priv=(nil)
CS ETM: inserted trace ID queue=6 trace_id=0x1c list=0x849190 nr_after=1 cpu=6
CS ETM: mapped HW_ID cpu=6 queue=6 trace_id=0x1c sink=0xcf663c0 list=0x849190 nr=1
CS ETM: event=AUX_OUTPUT_HW_ID hw_id=0x10000db3ebd791e
CS ETM: HW_ID sample cpu=7 tid=3182529 hw_id=0x10000db3ebd791e major=0 minor=1 sink=0xdb3ebd79 trace_id=0x1e per_thread=0
CS ETM: map HW_ID hw_id=0x10000db3ebd791e cpu=7 queue=7 etmq=0x8491d0 sink old=0xffffffff new=0xdb3ebd79 trace_id=0x1e list=0x849290 own=0x849290 nr=0 format=2 per_thread=0
CS ETM: sink match queue=7 other_queue=7 etmq=0x8491d0 other_etmq=0x8491d0 list=0x849290 other_list=0x849290 nr=0 other_nr=0 sink=0xdb3ebd79
CS ETM: insert trace ID queue=7 etmq=0x8491d0 trace_id=0x1e list=0x849290 nr_before=0 cpu=7 cpu_data=0x8461a0 inode=0x84fbf0 inode_priv=(nil)
CS ETM: inserted trace ID queue=7 trace_id=0x1e list=0x849290 nr_after=1 cpu=7
CS ETM: mapped HW_ID cpu=7 queue=7 trace_id=0x1e sink=0xdb3ebd79 list=0x849290 nr=1
CS ETM: event=AUX_OUTPUT_HW_ID hw_id=0x10000a987173220
CS ETM: HW_ID sample cpu=8 tid=3182529 hw_id=0x10000a987173220 major=0 minor=1 sink=0xa9871732 trace_id=0x20 per_thread=0
CS ETM: map HW_ID hw_id=0x10000a987173220 cpu=8 queue=8 etmq=0x8492d0 sink old=0xffffffff new=0xa9871732 trace_id=0x20 list=0x849390 own=0x849390 nr=0 format=2 per_thread=0
CS ETM: sink match queue=8 other_queue=8 etmq=0x8492d0 other_etmq=0x8492d0 list=0x849390 other_list=0x849390 nr=0 other_nr=0 sink=0xa9871732
CS ETM: insert trace ID queue=8 etmq=0x8492d0 trace_id=0x20 list=0x849390 nr_before=0 cpu=8 cpu_data=0x846210 inode=0x84fc20 inode_priv=(nil)
CS ETM: inserted trace ID queue=8 trace_id=0x20 list=0x849390 nr_after=1 cpu=8
CS ETM: mapped HW_ID cpu=8 queue=8 trace_id=0x20 sink=0xa9871732 list=0x849390 nr=1
CS ETM: event=AUX_OUTPUT_HW_ID hw_id=0x1000077cf70eb22
CS ETM: HW_ID sample cpu=9 tid=3182529 hw_id=0x1000077cf70eb22 major=0 minor=1 sink=0x77cf70eb trace_id=0x22 per_thread=0
CS ETM: map HW_ID hw_id=0x1000077cf70eb22 cpu=9 queue=9 etmq=0x8493d0 sink old=0xffffffff new=0x77cf70eb trace_id=0x22 list=0x849490 own=0x849490 nr=0 format=2 per_thread=0
CS ETM: sink match queue=9 other_queue=9 etmq=0x8493d0 other_etmq=0x8493d0 list=0x849490 other_list=0x849490 nr=0 other_nr=0 sink=0x77cf70eb
CS ETM: insert trace ID queue=9 etmq=0x8493d0 trace_id=0x22 list=0x849490 nr_before=0 cpu=9 cpu_data=0x846280 inode=0x84fc50 inode_priv=(nil)
CS ETM: inserted trace ID queue=9 trace_id=0x22 list=0x849490 nr_after=1 cpu=9
CS ETM: mapped HW_ID cpu=9 queue=9 trace_id=0x22 sink=0x77cf70eb list=0x849490 nr=1
CS ETM: event=AUX_OUTPUT_HW_ID hw_id=0x10000965f532324
CS ETM: HW_ID sample cpu=10 tid=3182529 hw_id=0x10000965f532324 major=0 minor=1 sink=0x965f5323 trace_id=0x24 per_thread=0
CS ETM: map HW_ID hw_id=0x10000965f532324 cpu=10 queue=10 etmq=0x8494d0 sink old=0xffffffff new=0x965f5323 trace_id=0x24 list=0x849590 own=0x849590 nr=0 format=2 per_thread=0
CS ETM: sink match queue=10 other_queue=10 etmq=0x8494d0 other_etmq=0x8494d0 list=0x849590 other_list=0x849590 nr=0 other_nr=0 sink=0x965f5323
CS ETM: insert trace ID queue=10 etmq=0x8494d0 trace_id=0x24 list=0x849590 nr_before=0 cpu=10 cpu_data=0x8462f0 inode=0x84fc80 inode_priv=(nil)
CS ETM: inserted trace ID queue=10 trace_id=0x24 list=0x849590 nr_after=1 cpu=10
CS ETM: mapped HW_ID cpu=10 queue=10 trace_id=0x24 sink=0x965f5323 list=0x849590 nr=1
CS ETM: event=AUX_OUTPUT_HW_ID hw_id=0x10000deb90c2326
CS ETM: HW_ID sample cpu=11 tid=3182529 hw_id=0x10000deb90c2326 major=0 minor=1 sink=0xdeb90c23 trace_id=0x26 per_thread=0
CS ETM: map HW_ID hw_id=0x10000deb90c2326 cpu=11 queue=11 etmq=0x8495d0 sink old=0xffffffff new=0xdeb90c23 trace_id=0x26 list=0x849690 own=0x849690 nr=0 format=2 per_thread=0
CS ETM: sink match queue=11 other_queue=11 etmq=0x8495d0 other_etmq=0x8495d0 list=0x849690 other_list=0x849690 nr=0 other_nr=0 sink=0xdeb90c23
CS ETM: insert trace ID queue=11 etmq=0x8495d0 trace_id=0x26 list=0x849690 nr_before=0 cpu=11 cpu_data=0x846360 inode=0x84fcb0 inode_priv=(nil)
CS ETM: inserted trace ID queue=11 trace_id=0x26 list=0x849690 nr_after=1 cpu=11
CS ETM: mapped HW_ID cpu=11 queue=11 trace_id=0x26 sink=0xdeb90c23 list=0x849690 nr=1
CS ETM: event=AUX_OUTPUT_HW_ID hw_id=0x100002712c52328
CS ETM: HW_ID sample cpu=12 tid=3182529 hw_id=0x100002712c52328 major=0 minor=1 sink=0x2712c523 trace_id=0x28 per_thread=0
CS ETM: map HW_ID hw_id=0x100002712c52328 cpu=12 queue=12 etmq=0x8496d0 sink old=0xffffffff new=0x2712c523 trace_id=0x28 list=0x849790 own=0x849790 nr=0 format=2 per_thread=0
CS ETM: sink match queue=12 other_queue=12 etmq=0x8496d0 other_etmq=0x8496d0 list=0x849790 other_list=0x849790 nr=0 other_nr=0 sink=0x2712c523
CS ETM: insert trace ID queue=12 etmq=0x8496d0 trace_id=0x28 list=0x849790 nr_before=0 cpu=12 cpu_data=0x8463d0 inode=0x84fce0 inode_priv=(nil)
CS ETM: inserted trace ID queue=12 trace_id=0x28 list=0x849790 nr_after=1 cpu=12
CS ETM: mapped HW_ID cpu=12 queue=12 trace_id=0x28 sink=0x2712c523 list=0x849790 nr=1
CS ETM: event=AUX_OUTPUT_HW_ID hw_id=0x100006f6c7e232a
CS ETM: HW_ID sample cpu=13 tid=3182529 hw_id=0x100006f6c7e232a major=0 minor=1 sink=0x6f6c7e23 trace_id=0x2a per_thread=0
CS ETM: map HW_ID hw_id=0x100006f6c7e232a cpu=13 queue=13 etmq=0x8497d0 sink old=0xffffffff new=0x6f6c7e23 trace_id=0x2a list=0x849890 own=0x849890 nr=0 format=2 per_thread=0
CS ETM: sink match queue=13 other_queue=13 etmq=0x8497d0 other_etmq=0x8497d0 list=0x849890 other_list=0x849890 nr=0 other_nr=0 sink=0x6f6c7e23
CS ETM: insert trace ID queue=13 etmq=0x8497d0 trace_id=0x2a list=0x849890 nr_before=0 cpu=13 cpu_data=0x846440 inode=0x84fd10 inode_priv=(nil)
CS ETM: inserted trace ID queue=13 trace_id=0x2a list=0x849890 nr_after=1 cpu=13
CS ETM: mapped HW_ID cpu=13 queue=13 trace_id=0x2a sink=0x6f6c7e23 list=0x849890 nr=1
CS ETM: event=AUX_OUTPUT_HW_ID hw_id=0x10000b7c637232c
CS ETM: HW_ID sample cpu=14 tid=3182529 hw_id=0x10000b7c637232c major=0 minor=1 sink=0xb7c63723 trace_id=0x2c per_thread=0
CS ETM: map HW_ID hw_id=0x10000b7c637232c cpu=14 queue=14 etmq=0x8498d0 sink old=0xffffffff new=0xb7c63723 trace_id=0x2c list=0x849990 own=0x849990 nr=0 format=2 per_thread=0
CS ETM: sink match queue=14 other_queue=14 etmq=0x8498d0 other_etmq=0x8498d0 list=0x849990 other_list=0x849990 nr=0 other_nr=0 sink=0xb7c63723
CS ETM: insert trace ID queue=14 etmq=0x8498d0 trace_id=0x2c list=0x849990 nr_before=0 cpu=14 cpu_data=0x8464b0 inode=0x84fd40 inode_priv=(nil)
CS ETM: inserted trace ID queue=14 trace_id=0x2c list=0x849990 nr_after=1 cpu=14
CS ETM: mapped HW_ID cpu=14 queue=14 trace_id=0x2c sink=0xb7c63723 list=0x849990 nr=1
CS ETM: event=AUX_OUTPUT_HW_ID hw_id=0x10000001ff0232e
CS ETM: HW_ID sample cpu=15 tid=3182529 hw_id=0x10000001ff0232e major=0 minor=1 sink=0x1ff023 trace_id=0x2e per_thread=0
CS ETM: map HW_ID hw_id=0x10000001ff0232e cpu=15 queue=15 etmq=0x8499d0 sink old=0xffffffff new=0x1ff023 trace_id=0x2e list=0x849a90 own=0x849a90 nr=0 format=2 per_thread=0
CS ETM: sink match queue=15 other_queue=15 etmq=0x8499d0 other_etmq=0x8499d0 list=0x849a90 other_list=0x849a90 nr=0 other_nr=0 sink=0x1ff023
CS ETM: insert trace ID queue=15 etmq=0x8499d0 trace_id=0x2e list=0x849a90 nr_before=0 cpu=15 cpu_data=0x846520 inode=0x84fd70 inode_priv=(nil)
CS ETM: inserted trace ID queue=15 trace_id=0x2e list=0x849a90 nr_after=1 cpu=15
CS ETM: mapped HW_ID cpu=15 queue=15 trace_id=0x2e sink=0x1ff023 list=0x849a90 nr=1
CS ETM: event=AUX_OUTPUT_HW_ID hw_id=0x100004879a92330
CS ETM: HW_ID sample cpu=16 tid=3182529 hw_id=0x100004879a92330 major=0 minor=1 sink=0x4879a923 trace_id=0x30 per_thread=0
CS ETM: map HW_ID hw_id=0x100004879a92330 cpu=16 queue=16 etmq=0x849ad0 sink old=0xffffffff new=0x4879a923 trace_id=0x30 list=0x849b90 own=0x849b90 nr=0 format=2 per_thread=0
CS ETM: sink match queue=16 other_queue=16 etmq=0x849ad0 other_etmq=0x849ad0 list=0x849b90 other_list=0x849b90 nr=0 other_nr=0 sink=0x4879a923
CS ETM: insert trace ID queue=16 etmq=0x849ad0 trace_id=0x30 list=0x849b90 nr_before=0 cpu=16 cpu_data=0x846590 inode=0x84fda0 inode_priv=(nil)
CS ETM: inserted trace ID queue=16 trace_id=0x30 list=0x849b90 nr_after=1 cpu=16
CS ETM: mapped HW_ID cpu=16 queue=16 trace_id=0x30 sink=0x4879a923 list=0x849b90 nr=1
CS ETM: event=AUX_OUTPUT_HW_ID hw_id=0x1000090d3622332
CS ETM: HW_ID sample cpu=17 tid=3182529 hw_id=0x1000090d3622332 major=0 minor=1 sink=0x90d36223 trace_id=0x32 per_thread=0
CS ETM: map HW_ID hw_id=0x1000090d3622332 cpu=17 queue=17 etmq=0x849bd0 sink old=0xffffffff new=0x90d36223 trace_id=0x32 list=0x849c90 own=0x849c90 nr=0 format=2 per_thread=0
CS ETM: sink match queue=17 other_queue=17 etmq=0x849bd0 other_etmq=0x849bd0 list=0x849c90 other_list=0x849c90 nr=0 other_nr=0 sink=0x90d36223
CS ETM: insert trace ID queue=17 etmq=0x849bd0 trace_id=0x32 list=0x849c90 nr_before=0 cpu=17 cpu_data=0x846600 inode=0x84fdd0 inode_priv=(nil)
CS ETM: inserted trace ID queue=17 trace_id=0x32 list=0x849c90 nr_after=1 cpu=17
CS ETM: mapped HW_ID cpu=17 queue=17 trace_id=0x32 sink=0x90d36223 list=0x849c90 nr=1
CS ETM: event=AUX_OUTPUT_HW_ID hw_id=0x10000d92d1b2334
CS ETM: HW_ID sample cpu=18 tid=3182529 hw_id=0x10000d92d1b2334 major=0 minor=1 sink=0xd92d1b23 trace_id=0x34 per_thread=0
CS ETM: map HW_ID hw_id=0x10000d92d1b2334 cpu=18 queue=18 etmq=0x849cd0 sink old=0xffffffff new=0xd92d1b23 trace_id=0x34 list=0x849d90 own=0x849d90 nr=0 format=2 per_thread=0
CS ETM: sink match queue=18 other_queue=18 etmq=0x849cd0 other_etmq=0x849cd0 list=0x849d90 other_list=0x849d90 nr=0 other_nr=0 sink=0xd92d1b23
CS ETM: insert trace ID queue=18 etmq=0x849cd0 trace_id=0x34 list=0x849d90 nr_before=0 cpu=18 cpu_data=0x846670 inode=0x84fe00 inode_priv=(nil)
CS ETM: inserted trace ID queue=18 trace_id=0x34 list=0x849d90 nr_after=1 cpu=18
CS ETM: mapped HW_ID cpu=18 queue=18 trace_id=0x34 sink=0xd92d1b23 list=0x849d90 nr=1
CS ETM: event=AUX_OUTPUT_HW_ID hw_id=0x100002186d42336
CS ETM: HW_ID sample cpu=19 tid=3182529 hw_id=0x100002186d42336 major=0 minor=1 sink=0x2186d423 trace_id=0x36 per_thread=0
CS ETM: map HW_ID hw_id=0x100002186d42336 cpu=19 queue=19 etmq=0x849dd0 sink old=0xffffffff new=0x2186d423 trace_id=0x36 list=0x849e90 own=0x849e90 nr=0 format=2 per_thread=0
CS ETM: sink match queue=19 other_queue=19 etmq=0x849dd0 other_etmq=0x849dd0 list=0x849e90 other_list=0x849e90 nr=0 other_nr=0 sink=0x2186d423
CS ETM: insert trace ID queue=19 etmq=0x849dd0 trace_id=0x36 list=0x849e90 nr_before=0 cpu=19 cpu_data=0x8466e0 inode=0x84fe30 inode_priv=(nil)
CS ETM: inserted trace ID queue=19 trace_id=0x36 list=0x849e90 nr_after=1 cpu=19
CS ETM: mapped HW_ID cpu=19 queue=19 trace_id=0x36 sink=0x2186d423 list=0x849e90 nr=1
CS ETM: event=AUX_OUTPUT_HW_ID hw_id=0x1000064a7acdc38
CS ETM: HW_ID sample cpu=20 tid=3182529 hw_id=0x1000064a7acdc38 major=0 minor=1 sink=0x64a7acdc trace_id=0x38 per_thread=0
CS ETM: map HW_ID hw_id=0x1000064a7acdc38 cpu=20 queue=20 etmq=0x849ed0 sink old=0xffffffff new=0x64a7acdc trace_id=0x38 list=0x849f90 own=0x849f90 nr=0 format=2 per_thread=0
CS ETM: sink match queue=20 other_queue=20 etmq=0x849ed0 other_etmq=0x849ed0 list=0x849f90 other_list=0x849f90 nr=0 other_nr=0 sink=0x64a7acdc
CS ETM: insert trace ID queue=20 etmq=0x849ed0 trace_id=0x38 list=0x849f90 nr_before=0 cpu=20 cpu_data=0x846750 inode=0x84fe60 inode_priv=(nil)
CS ETM: inserted trace ID queue=20 trace_id=0x38 list=0x849f90 nr_after=1 cpu=20
CS ETM: mapped HW_ID cpu=20 queue=20 trace_id=0x38 sink=0x64a7acdc list=0x849f90 nr=1
CS ETM: event=AUX_OUTPUT_HW_ID hw_id=0x10000ad0165dc3a
CS ETM: HW_ID sample cpu=21 tid=3182529 hw_id=0x10000ad0165dc3a major=0 minor=1 sink=0xad0165dc trace_id=0x3a per_thread=0
CS ETM: map HW_ID hw_id=0x10000ad0165dc3a cpu=21 queue=21 etmq=0x849fd0 sink old=0xffffffff new=0xad0165dc trace_id=0x3a list=0x84a090 own=0x84a090 nr=0 format=2 per_thread=0
CS ETM: sink match queue=21 other_queue=21 etmq=0x849fd0 other_etmq=0x849fd0 list=0x84a090 other_list=0x84a090 nr=0 other_nr=0 sink=0xad0165dc
CS ETM: insert trace ID queue=21 etmq=0x849fd0 trace_id=0x3a list=0x84a090 nr_before=0 cpu=21 cpu_data=0x8467c0 inode=0x84fe90 inode_priv=(nil)
CS ETM: inserted trace ID queue=21 trace_id=0x3a list=0x84a090 nr_after=1 cpu=21
CS ETM: mapped HW_ID cpu=21 queue=21 trace_id=0x3a sink=0xad0165dc list=0x84a090 nr=1
CS ETM: event=AUX_OUTPUT_HW_ID hw_id=0x10000f55b1edc3c
CS ETM: HW_ID sample cpu=22 tid=3182529 hw_id=0x10000f55b1edc3c major=0 minor=1 sink=0xf55b1edc trace_id=0x3c per_thread=0
CS ETM: map HW_ID hw_id=0x10000f55b1edc3c cpu=22 queue=22 etmq=0x84a0d0 sink old=0xffffffff new=0xf55b1edc trace_id=0x3c list=0x84a190 own=0x84a190 nr=0 format=2 per_thread=0
CS ETM: sink match queue=22 other_queue=22 etmq=0x84a0d0 other_etmq=0x84a0d0 list=0x84a190 other_list=0x84a190 nr=0 other_nr=0 sink=0xf55b1edc
CS ETM: insert trace ID queue=22 etmq=0x84a0d0 trace_id=0x3c list=0x84a190 nr_before=0 cpu=22 cpu_data=0x846830 inode=0x84fec0 inode_priv=(nil)
CS ETM: inserted trace ID queue=22 trace_id=0x3c list=0x84a190 nr_after=1 cpu=22
CS ETM: mapped HW_ID cpu=22 queue=22 trace_id=0x3c sink=0xf55b1edc list=0x84a190 nr=1
CS ETM: event=AUX_OUTPUT_HW_ID hw_id=0x100003db4d7dc3e
CS ETM: HW_ID sample cpu=23 tid=3182529 hw_id=0x100003db4d7dc3e major=0 minor=1 sink=0x3db4d7dc trace_id=0x3e per_thread=0
CS ETM: map HW_ID hw_id=0x100003db4d7dc3e cpu=23 queue=23 etmq=0x84a1d0 sink old=0xffffffff new=0x3db4d7dc trace_id=0x3e list=0x84a290 own=0x84a290 nr=0 format=2 per_thread=0
CS ETM: sink match queue=23 other_queue=23 etmq=0x84a1d0 other_etmq=0x84a1d0 list=0x84a290 other_list=0x84a290 nr=0 other_nr=0 sink=0x3db4d7dc
CS ETM: insert trace ID queue=23 etmq=0x84a1d0 trace_id=0x3e list=0x84a290 nr_before=0 cpu=23 cpu_data=0x8468a0 inode=0x84fef0 inode_priv=(nil)
CS ETM: inserted trace ID queue=23 trace_id=0x3e list=0x84a290 nr_after=1 cpu=23
CS ETM: mapped HW_ID cpu=23 queue=23 trace_id=0x3e sink=0x3db4d7dc list=0x84a290 nr=1
CS ETM: event=AUX_OUTPUT_HW_ID hw_id=0x10000860e90dc40
CS ETM: HW_ID sample cpu=24 tid=3182529 hw_id=0x10000860e90dc40 major=0 minor=1 sink=0x860e90dc trace_id=0x40 per_thread=0
CS ETM: map HW_ID hw_id=0x10000860e90dc40 cpu=24 queue=24 etmq=0x84a2d0 sink old=0xffffffff new=0x860e90dc trace_id=0x40 list=0x84a390 own=0x84a390 nr=0 format=2 per_thread=0
CS ETM: sink match queue=24 other_queue=24 etmq=0x84a2d0 other_etmq=0x84a2d0 list=0x84a390 other_list=0x84a390 nr=0 other_nr=0 sink=0x860e90dc
CS ETM: insert trace ID queue=24 etmq=0x84a2d0 trace_id=0x40 list=0x84a390 nr_before=0 cpu=24 cpu_data=0x846910 inode=0x84ff20 inode_priv=(nil)
CS ETM: inserted trace ID queue=24 trace_id=0x40 list=0x84a390 nr_after=1 cpu=24
CS ETM: mapped HW_ID cpu=24 queue=24 trace_id=0x40 sink=0x860e90dc list=0x84a390 nr=1
CS ETM: event=AUX_OUTPUT_HW_ID hw_id=0x10000ce6849dc42
CS ETM: HW_ID sample cpu=25 tid=3182529 hw_id=0x10000ce6849dc42 major=0 minor=1 sink=0xce6849dc trace_id=0x42 per_thread=0
CS ETM: map HW_ID hw_id=0x10000ce6849dc42 cpu=25 queue=25 etmq=0x84a3d0 sink old=0xffffffff new=0xce6849dc trace_id=0x42 list=0x84a490 own=0x84a490 nr=0 format=2 per_thread=0
CS ETM: sink match queue=25 other_queue=25 etmq=0x84a3d0 other_etmq=0x84a3d0 list=0x84a490 other_list=0x84a490 nr=0 other_nr=0 sink=0xce6849dc
CS ETM: insert trace ID queue=25 etmq=0x84a3d0 trace_id=0x42 list=0x84a490 nr_before=0 cpu=25 cpu_data=0x846980 inode=0x84ff50 inode_priv=(nil)
CS ETM: inserted trace ID queue=25 trace_id=0x42 list=0x84a490 nr_after=1 cpu=25
CS ETM: mapped HW_ID cpu=25 queue=25 trace_id=0x42 sink=0xce6849dc list=0x84a490 nr=1
CS ETM: event=AUX_OUTPUT_HW_ID hw_id=0x1000016c202dc44
CS ETM: HW_ID sample cpu=26 tid=3182529 hw_id=0x1000016c202dc44 major=0 minor=1 sink=0x16c202dc trace_id=0x44 per_thread=0
CS ETM: map HW_ID hw_id=0x1000016c202dc44 cpu=26 queue=26 etmq=0x84a4d0 sink old=0xffffffff new=0x16c202dc trace_id=0x44 list=0x84a590 own=0x84a590 nr=0 format=2 per_thread=0
CS ETM: sink match queue=26 other_queue=26 etmq=0x84a4d0 other_etmq=0x84a4d0 list=0x84a590 other_list=0x84a590 nr=0 other_nr=0 sink=0x16c202dc
CS ETM: insert trace ID queue=26 etmq=0x84a4d0 trace_id=0x44 list=0x84a590 nr_before=0 cpu=26 cpu_data=0x8469f0 inode=0x84ff80 inode_priv=(nil)
CS ETM: inserted trace ID queue=26 trace_id=0x44 list=0x84a590 nr_after=1 cpu=26
CS ETM: mapped HW_ID cpu=26 queue=26 trace_id=0x44 sink=0x16c202dc list=0x84a590 nr=1
CS ETM: event=AUX_OUTPUT_HW_ID hw_id=0x100005f1bbbdc46
CS ETM: HW_ID sample cpu=27 tid=3182529 hw_id=0x100005f1bbbdc46 major=0 minor=1 sink=0x5f1bbbdc trace_id=0x46 per_thread=0
CS ETM: map HW_ID hw_id=0x100005f1bbbdc46 cpu=27 queue=27 etmq=0x84a5d0 sink old=0xffffffff new=0x5f1bbbdc trace_id=0x46 list=0x84a690 own=0x84a690 nr=0 format=2 per_thread=0
CS ETM: sink match queue=27 other_queue=27 etmq=0x84a5d0 other_etmq=0x84a5d0 list=0x84a690 other_list=0x84a690 nr=0 other_nr=0 sink=0x5f1bbbdc
CS ETM: insert trace ID queue=27 etmq=0x84a5d0 trace_id=0x46 list=0x84a690 nr_before=0 cpu=27 cpu_data=0x846a60 inode=0x84ffb0 inode_priv=(nil)
CS ETM: inserted trace ID queue=27 trace_id=0x46 list=0x84a690 nr_after=1 cpu=27
CS ETM: mapped HW_ID cpu=27 queue=27 trace_id=0x46 sink=0x5f1bbbdc list=0x84a690 nr=1
CS ETM: event=AUX_OUTPUT_HW_ID hw_id=0x10000a77574dc48
CS ETM: HW_ID sample cpu=28 tid=3182529 hw_id=0x10000a77574dc48 major=0 minor=1 sink=0xa77574dc trace_id=0x48 per_thread=0
CS ETM: map HW_ID hw_id=0x10000a77574dc48 cpu=28 queue=28 etmq=0x84a6d0 sink old=0xffffffff new=0xa77574dc trace_id=0x48 list=0x84a790 own=0x84a790 nr=0 format=2 per_thread=0
CS ETM: sink match queue=28 other_queue=28 etmq=0x84a6d0 other_etmq=0x84a6d0 list=0x84a790 other_list=0x84a790 nr=0 other_nr=0 sink=0xa77574dc
CS ETM: insert trace ID queue=28 etmq=0x84a6d0 trace_id=0x48 list=0x84a790 nr_before=0 cpu=28 cpu_data=0x846ad0 inode=0x84ffe0 inode_priv=(nil)
CS ETM: inserted trace ID queue=28 trace_id=0x48 list=0x84a790 nr_after=1 cpu=28
CS ETM: mapped HW_ID cpu=28 queue=28 trace_id=0x48 sink=0xa77574dc list=0x84a790 nr=1
CS ETM: event=AUX_OUTPUT_HW_ID hw_id=0x10000efcf2ddc4a
CS ETM: HW_ID sample cpu=29 tid=3182529 hw_id=0x10000efcf2ddc4a major=0 minor=1 sink=0xefcf2ddc trace_id=0x4a per_thread=0
CS ETM: map HW_ID hw_id=0x10000efcf2ddc4a cpu=29 queue=29 etmq=0x84a7d0 sink old=0xffffffff new=0xefcf2ddc trace_id=0x4a list=0x84a890 own=0x84a890 nr=0 format=2 per_thread=0
CS ETM: sink match queue=29 other_queue=29 etmq=0x84a7d0 other_etmq=0x84a7d0 list=0x84a890 other_list=0x84a890 nr=0 other_nr=0 sink=0xefcf2ddc
CS ETM: insert trace ID queue=29 etmq=0x84a7d0 trace_id=0x4a list=0x84a890 nr_before=0 cpu=29 cpu_data=0x846b40 inode=0x850010 inode_priv=(nil)
CS ETM: inserted trace ID queue=29 trace_id=0x4a list=0x84a890 nr_after=1 cpu=29
CS ETM: mapped HW_ID cpu=29 queue=29 trace_id=0x4a sink=0xefcf2ddc list=0x84a890 nr=1
CS ETM: event=AUX_OUTPUT_HW_ID hw_id=0x1000032f006954c
CS ETM: HW_ID sample cpu=30 tid=3182529 hw_id=0x1000032f006954c major=0 minor=1 sink=0x32f00695 trace_id=0x4c per_thread=0
CS ETM: map HW_ID hw_id=0x1000032f006954c cpu=30 queue=30 etmq=0x84a8d0 sink old=0xffffffff new=0x32f00695 trace_id=0x4c list=0x84a990 own=0x84a990 nr=0 format=2 per_thread=0
CS ETM: sink match queue=30 other_queue=30 etmq=0x84a8d0 other_etmq=0x84a8d0 list=0x84a990 other_list=0x84a990 nr=0 other_nr=0 sink=0x32f00695
CS ETM: insert trace ID queue=30 etmq=0x84a8d0 trace_id=0x4c list=0x84a990 nr_before=0 cpu=30 cpu_data=0x846bb0 inode=0x850040 inode_priv=(nil)
CS ETM: inserted trace ID queue=30 trace_id=0x4c list=0x84a990 nr_after=1 cpu=30
CS ETM: mapped HW_ID cpu=30 queue=30 trace_id=0x4c sink=0x32f00695 list=0x84a990 nr=1
CS ETM: event=AUX_OUTPUT_HW_ID hw_id=0x10000c3a3789550
CS ETM: HW_ID sample cpu=32 tid=3182529 hw_id=0x10000c3a3789550 major=0 minor=1 sink=0xc3a37895 trace_id=0x50 per_thread=0
CS ETM: map HW_ID hw_id=0x10000c3a3789550 cpu=32 queue=32 etmq=0x84aad0 sink old=0xffffffff new=0xc3a37895 trace_id=0x50 list=0x84ab90 own=0x84ab90 nr=0 format=2 per_thread=0
CS ETM: sink match queue=32 other_queue=32 etmq=0x84aad0 other_etmq=0x84aad0 list=0x84ab90 other_list=0x84ab90 nr=0 other_nr=0 sink=0xc3a37895
CS ETM: insert trace ID queue=32 etmq=0x84aad0 trace_id=0x50 list=0x84ab90 nr_before=0 cpu=32 cpu_data=0x846c90 inode=0x850070 inode_priv=(nil)
CS ETM: inserted trace ID queue=32 trace_id=0x50 list=0x84ab90 nr_after=1 cpu=32
CS ETM: mapped HW_ID cpu=32 queue=32 trace_id=0x50 sink=0xc3a37895 list=0x84ab90 nr=1
CS ETM: event=AUX_OUTPUT_HW_ID hw_id=0x100000bfd319552
CS ETM: HW_ID sample cpu=33 tid=3182529 hw_id=0x100000bfd319552 major=0 minor=1 sink=0xbfd3195 trace_id=0x52 per_thread=0
CS ETM: map HW_ID hw_id=0x100000bfd319552 cpu=33 queue=33 etmq=0x84abd0 sink old=0xffffffff new=0xbfd3195 trace_id=0x52 list=0x84ac90 own=0x84ac90 nr=0 format=2 per_thread=0
CS ETM: sink match queue=33 other_queue=33 etmq=0x84abd0 other_etmq=0x84abd0 list=0x84ac90 other_list=0x84ac90 nr=0 other_nr=0 sink=0xbfd3195
CS ETM: insert trace ID queue=33 etmq=0x84abd0 trace_id=0x52 list=0x84ac90 nr_before=0 cpu=33 cpu_data=0x846d00 inode=0x8500a0 inode_priv=(nil)
CS ETM: inserted trace ID queue=33 trace_id=0x52 list=0x84ac90 nr_after=1 cpu=33
CS ETM: mapped HW_ID cpu=33 queue=33 trace_id=0x52 sink=0xbfd3195 list=0x84ac90 nr=1
CS ETM: event=AUX_OUTPUT_HW_ID hw_id=0x100005456ea9554
CS ETM: HW_ID sample cpu=34 tid=3182529 hw_id=0x100005456ea9554 major=0 minor=1 sink=0x5456ea95 trace_id=0x54 per_thread=0
CS ETM: map HW_ID hw_id=0x100005456ea9554 cpu=34 queue=34 etmq=0x84acd0 sink old=0xffffffff new=0x5456ea95 trace_id=0x54 list=0x84ad90 own=0x84ad90 nr=0 format=2 per_thread=0
CS ETM: sink match queue=34 other_queue=34 etmq=0x84acd0 other_etmq=0x84acd0 list=0x84ad90 other_list=0x84ad90 nr=0 other_nr=0 sink=0x5456ea95
CS ETM: insert trace ID queue=34 etmq=0x84acd0 trace_id=0x54 list=0x84ad90 nr_before=0 cpu=34 cpu_data=0x846d70 inode=0x8500d0 inode_priv=(nil)
CS ETM: inserted trace ID queue=34 trace_id=0x54 list=0x84ad90 nr_after=1 cpu=34
CS ETM: mapped HW_ID cpu=34 queue=34 trace_id=0x54 sink=0x5456ea95 list=0x84ad90 nr=1
CS ETM: event=AUX_OUTPUT_HW_ID hw_id=0x100009cb0a39556
CS ETM: HW_ID sample cpu=35 tid=3182529 hw_id=0x100009cb0a39556 major=0 minor=1 sink=0x9cb0a395 trace_id=0x56 per_thread=0
CS ETM: map HW_ID hw_id=0x100009cb0a39556 cpu=35 queue=35 etmq=0x84add0 sink old=0xffffffff new=0x9cb0a395 trace_id=0x56 list=0x84ae90 own=0x84ae90 nr=0 format=2 per_thread=0
CS ETM: sink match queue=35 other_queue=35 etmq=0x84add0 other_etmq=0x84add0 list=0x84ae90 other_list=0x84ae90 nr=0 other_nr=0 sink=0x9cb0a395
CS ETM: insert trace ID queue=35 etmq=0x84add0 trace_id=0x56 list=0x84ae90 nr_before=0 cpu=35 cpu_data=0x846de0 inode=0x850100 inode_priv=(nil)
CS ETM: inserted trace ID queue=35 trace_id=0x56 list=0x84ae90 nr_after=1 cpu=35
CS ETM: mapped HW_ID cpu=35 queue=35 trace_id=0x56 sink=0x9cb0a395 list=0x84ae90 nr=1
CS ETM: event=AUX_OUTPUT_HW_ID hw_id=0x10000e50a5c9558
CS ETM: HW_ID sample cpu=36 tid=3182529 hw_id=0x10000e50a5c9558 major=0 minor=1 sink=0xe50a5c95 trace_id=0x58 per_thread=0
CS ETM: map HW_ID hw_id=0x10000e50a5c9558 cpu=36 queue=36 etmq=0x84aed0 sink old=0xffffffff new=0xe50a5c95 trace_id=0x58 list=0x84af90 own=0x84af90 nr=0 format=2 per_thread=0
CS ETM: sink match queue=36 other_queue=36 etmq=0x84aed0 other_etmq=0x84aed0 list=0x84af90 other_list=0x84af90 nr=0 other_nr=0 sink=0xe50a5c95
CS ETM: insert trace ID queue=36 etmq=0x84aed0 trace_id=0x58 list=0x84af90 nr_before=0 cpu=36 cpu_data=0x846e50 inode=0x850130 inode_priv=(nil)
CS ETM: inserted trace ID queue=36 trace_id=0x58 list=0x84af90 nr_after=1 cpu=36
CS ETM: mapped HW_ID cpu=36 queue=36 trace_id=0x58 sink=0xe50a5c95 list=0x84af90 nr=1
CS ETM: event=AUX_OUTPUT_HW_ID hw_id=0x100002d6415955a
CS ETM: HW_ID sample cpu=37 tid=3182529 hw_id=0x100002d6415955a major=0 minor=1 sink=0x2d641595 trace_id=0x5a per_thread=0
CS ETM: map HW_ID hw_id=0x100002d6415955a cpu=37 queue=37 etmq=0x84afd0 sink old=0xffffffff new=0x2d641595 trace_id=0x5a list=0x84b090 own=0x84b090 nr=0 format=2 per_thread=0
CS ETM: sink match queue=37 other_queue=37 etmq=0x84afd0 other_etmq=0x84afd0 list=0x84b090 other_list=0x84b090 nr=0 other_nr=0 sink=0x2d641595
CS ETM: insert trace ID queue=37 etmq=0x84afd0 trace_id=0x5a list=0x84b090 nr_before=0 cpu=37 cpu_data=0x846ec0 inode=0x850160 inode_priv=(nil)
CS ETM: inserted trace ID queue=37 trace_id=0x5a list=0x84b090 nr_after=1 cpu=37
CS ETM: mapped HW_ID cpu=37 queue=37 trace_id=0x5a sink=0x2d641595 list=0x84b090 nr=1
CS ETM: event=AUX_OUTPUT_HW_ID hw_id=0x1000075bdce955c
CS ETM: HW_ID sample cpu=38 tid=3182529 hw_id=0x1000075bdce955c major=0 minor=1 sink=0x75bdce95 trace_id=0x5c per_thread=0
CS ETM: map HW_ID hw_id=0x1000075bdce955c cpu=38 queue=38 etmq=0x84b0d0 sink old=0xffffffff new=0x75bdce95 trace_id=0x5c list=0x84b190 own=0x84b190 nr=0 format=2 per_thread=0
CS ETM: sink match queue=38 other_queue=38 etmq=0x84b0d0 other_etmq=0x84b0d0 list=0x84b190 other_list=0x84b190 nr=0 other_nr=0 sink=0x75bdce95
CS ETM: insert trace ID queue=38 etmq=0x84b0d0 trace_id=0x5c list=0x84b190 nr_before=0 cpu=38 cpu_data=0x846f30 inode=0x850190 inode_priv=(nil)
CS ETM: inserted trace ID queue=38 trace_id=0x5c list=0x84b190 nr_after=1 cpu=38
CS ETM: mapped HW_ID cpu=38 queue=38 trace_id=0x5c sink=0x75bdce95 list=0x84b190 nr=1
CS ETM: event=AUX_OUTPUT_HW_ID hw_id=0x10000be1787955e
CS ETM: HW_ID sample cpu=39 tid=3182529 hw_id=0x10000be1787955e major=0 minor=1 sink=0xbe178795 trace_id=0x5e per_thread=0
CS ETM: map HW_ID hw_id=0x10000be1787955e cpu=39 queue=39 etmq=0x84b1d0 sink old=0xffffffff new=0xbe178795 trace_id=0x5e list=0x84b290 own=0x84b290 nr=0 format=2 per_thread=0
CS ETM: sink match queue=39 other_queue=39 etmq=0x84b1d0 other_etmq=0x84b1d0 list=0x84b290 other_list=0x84b290 nr=0 other_nr=0 sink=0xbe178795
CS ETM: insert trace ID queue=39 etmq=0x84b1d0 trace_id=0x5e list=0x84b290 nr_before=0 cpu=39 cpu_data=0x846fa0 inode=0x8501c0 inode_priv=(nil)
CS ETM: inserted trace ID queue=39 trace_id=0x5e list=0x84b290 nr_after=1 cpu=39
CS ETM: mapped HW_ID cpu=39 queue=39 trace_id=0x5e sink=0xbe178795 list=0x84b290 nr=1
CS ETM: event=AUX_OUTPUT_HW_ID hw_id=0x100000138604e60
CS ETM: HW_ID sample cpu=40 tid=3182529 hw_id=0x100000138604e60 major=0 minor=1 sink=0x138604e trace_id=0x60 per_thread=0
CS ETM: map HW_ID hw_id=0x100000138604e60 cpu=40 queue=40 etmq=0x84b2d0 sink old=0xffffffff new=0x138604e trace_id=0x60 list=0x84b390 own=0x84b390 nr=0 format=2 per_thread=0
CS ETM: sink match queue=40 other_queue=40 etmq=0x84b2d0 other_etmq=0x84b2d0 list=0x84b390 other_list=0x84b390 nr=0 other_nr=0 sink=0x138604e
CS ETM: insert trace ID queue=40 etmq=0x84b2d0 trace_id=0x60 list=0x84b390 nr_before=0 cpu=40 cpu_data=0x847010 inode=0x8501f0 inode_priv=(nil)
CS ETM: inserted trace ID queue=40 trace_id=0x60 list=0x84b390 nr_after=1 cpu=40
CS ETM: mapped HW_ID cpu=40 queue=40 trace_id=0x60 sink=0x138604e list=0x84b390 nr=1
CS ETM: event=AUX_OUTPUT_HW_ID hw_id=0x100004992194e62
CS ETM: HW_ID sample cpu=41 tid=3182529 hw_id=0x100004992194e62 major=0 minor=1 sink=0x4992194e trace_id=0x62 per_thread=0
CS ETM: map HW_ID hw_id=0x100004992194e62 cpu=41 queue=41 etmq=0x84b3d0 sink old=0xffffffff new=0x4992194e trace_id=0x62 list=0x84b490 own=0x84b490 nr=0 format=2 per_thread=0
CS ETM: sink match queue=41 other_queue=41 etmq=0x84b3d0 other_etmq=0x84b3d0 list=0x84b490 other_list=0x84b490 nr=0 other_nr=0 sink=0x4992194e
CS ETM: insert trace ID queue=41 etmq=0x84b3d0 trace_id=0x62 list=0x84b490 nr_before=0 cpu=41 cpu_data=0x847080 inode=0x850220 inode_priv=(nil)
CS ETM: inserted trace ID queue=41 trace_id=0x62 list=0x84b490 nr_after=1 cpu=41
CS ETM: mapped HW_ID cpu=41 queue=41 trace_id=0x62 sink=0x4992194e list=0x84b490 nr=1
CS ETM: event=AUX_OUTPUT_HW_ID hw_id=0x1000091ebd24e64
CS ETM: HW_ID sample cpu=42 tid=3182529 hw_id=0x1000091ebd24e64 major=0 minor=1 sink=0x91ebd24e trace_id=0x64 per_thread=0
CS ETM: map HW_ID hw_id=0x1000091ebd24e64 cpu=42 queue=42 etmq=0x84b4d0 sink old=0xffffffff new=0x91ebd24e trace_id=0x64 list=0x84b590 own=0x84b590 nr=0 format=2 per_thread=0
CS ETM: sink match queue=42 other_queue=42 etmq=0x84b4d0 other_etmq=0x84b4d0 list=0x84b590 other_list=0x84b590 nr=0 other_nr=0 sink=0x91ebd24e
CS ETM: insert trace ID queue=42 etmq=0x84b4d0 trace_id=0x64 list=0x84b590 nr_before=0 cpu=42 cpu_data=0x8470f0 inode=0x850250 inode_priv=(nil)
CS ETM: inserted trace ID queue=42 trace_id=0x64 list=0x84b590 nr_after=1 cpu=42
CS ETM: mapped HW_ID cpu=42 queue=42 trace_id=0x64 sink=0x91ebd24e list=0x84b590 nr=1
CS ETM: event=AUX_OUTPUT_HW_ID hw_id=0x10000da458b4e66
CS ETM: HW_ID sample cpu=43 tid=3182529 hw_id=0x10000da458b4e66 major=0 minor=1 sink=0xda458b4e trace_id=0x66 per_thread=0
CS ETM: map HW_ID hw_id=0x10000da458b4e66 cpu=43 queue=43 etmq=0x84b5d0 sink old=0xffffffff new=0xda458b4e trace_id=0x66 list=0x84b690 own=0x84b690 nr=0 format=2 per_thread=0
CS ETM: sink match queue=43 other_queue=43 etmq=0x84b5d0 other_etmq=0x84b5d0 list=0x84b690 other_list=0x84b690 nr=0 other_nr=0 sink=0xda458b4e
CS ETM: insert trace ID queue=43 etmq=0x84b5d0 trace_id=0x66 list=0x84b690 nr_before=0 cpu=43 cpu_data=0x847160 inode=0x850280 inode_priv=(nil)
CS ETM: inserted trace ID queue=43 trace_id=0x66 list=0x84b690 nr_after=1 cpu=43
CS ETM: mapped HW_ID cpu=43 queue=43 trace_id=0x66 sink=0xda458b4e list=0x84b690 nr=1
CS ETM: event=AUX_OUTPUT_HW_ID hw_id=0x10000229f444e68
CS ETM: HW_ID sample cpu=44 tid=3182529 hw_id=0x10000229f444e68 major=0 minor=1 sink=0x229f444e trace_id=0x68 per_thread=0
CS ETM: map HW_ID hw_id=0x10000229f444e68 cpu=44 queue=44 etmq=0x84b6d0 sink old=0xffffffff new=0x229f444e trace_id=0x68 list=0x84b790 own=0x84b790 nr=0 format=2 per_thread=0
CS ETM: sink match queue=44 other_queue=44 etmq=0x84b6d0 other_etmq=0x84b6d0 list=0x84b790 other_list=0x84b790 nr=0 other_nr=0 sink=0x229f444e
CS ETM: insert trace ID queue=44 etmq=0x84b6d0 trace_id=0x68 list=0x84b790 nr_before=0 cpu=44 cpu_data=0x8471d0 inode=0x8502b0 inode_priv=(nil)
CS ETM: inserted trace ID queue=44 trace_id=0x68 list=0x84b790 nr_after=1 cpu=44
CS ETM: mapped HW_ID cpu=44 queue=44 trace_id=0x68 sink=0x229f444e list=0x84b790 nr=1
CS ETM: event=AUX_OUTPUT_HW_ID hw_id=0x100006af8fd4e6a
CS ETM: HW_ID sample cpu=45 tid=3182529 hw_id=0x100006af8fd4e6a major=0 minor=1 sink=0x6af8fd4e trace_id=0x6a per_thread=0
CS ETM: map HW_ID hw_id=0x100006af8fd4e6a cpu=45 queue=45 etmq=0x84b7d0 sink old=0xffffffff new=0x6af8fd4e trace_id=0x6a list=0x84b890 own=0x84b890 nr=0 format=2 per_thread=0
CS ETM: sink match queue=45 other_queue=45 etmq=0x84b7d0 other_etmq=0x84b7d0 list=0x84b890 other_list=0x84b890 nr=0 other_nr=0 sink=0x6af8fd4e
CS ETM: insert trace ID queue=45 etmq=0x84b7d0 trace_id=0x6a list=0x84b890 nr_before=0 cpu=45 cpu_data=0x847240 inode=0x8502e0 inode_priv=(nil)
CS ETM: inserted trace ID queue=45 trace_id=0x6a list=0x84b890 nr_after=1 cpu=45
CS ETM: mapped HW_ID cpu=45 queue=45 trace_id=0x6a sink=0x6af8fd4e list=0x84b890 nr=1
CS ETM: event=AUX_OUTPUT_HW_ID hw_id=0x10000b352b64e6c
CS ETM: HW_ID sample cpu=46 tid=3182529 hw_id=0x10000b352b64e6c major=0 minor=1 sink=0xb352b64e trace_id=0x6c per_thread=0
CS ETM: map HW_ID hw_id=0x10000b352b64e6c cpu=46 queue=46 etmq=0x84b8d0 sink old=0xffffffff new=0xb352b64e trace_id=0x6c list=0x84b990 own=0x84b990 nr=0 format=2 per_thread=0
CS ETM: sink match queue=46 other_queue=46 etmq=0x84b8d0 other_etmq=0x84b8d0 list=0x84b990 other_list=0x84b990 nr=0 other_nr=0 sink=0xb352b64e
CS ETM: insert trace ID queue=46 etmq=0x84b8d0 trace_id=0x6c list=0x84b990 nr_before=0 cpu=46 cpu_data=0x8472b0 inode=0x850310 inode_priv=(nil)
CS ETM: inserted trace ID queue=46 trace_id=0x6c list=0x84b990 nr_after=1 cpu=46
CS ETM: mapped HW_ID cpu=46 queue=46 trace_id=0x6c sink=0xb352b64e list=0x84b990 nr=1
CS ETM: event=AUX_OUTPUT_HW_ID hw_id=0x10000fbac6f4e6e
CS ETM: HW_ID sample cpu=47 tid=3182529 hw_id=0x10000fbac6f4e6e major=0 minor=1 sink=0xfbac6f4e trace_id=0x6e per_thread=0
CS ETM: map HW_ID hw_id=0x10000fbac6f4e6e cpu=47 queue=47 etmq=0x84b9d0 sink old=0xffffffff new=0xfbac6f4e trace_id=0x6e list=0x84ba90 own=0x84ba90 nr=0 format=2 per_thread=0
CS ETM: sink match queue=47 other_queue=47 etmq=0x84b9d0 other_etmq=0x84b9d0 list=0x84ba90 other_list=0x84ba90 nr=0 other_nr=0 sink=0xfbac6f4e
CS ETM: insert trace ID queue=47 etmq=0x84b9d0 trace_id=0x6e list=0x84ba90 nr_before=0 cpu=47 cpu_data=0x847320 inode=0x850340 inode_priv=(nil)
CS ETM: inserted trace ID queue=47 trace_id=0x6e list=0x84ba90 nr_after=1 cpu=47
CS ETM: mapped HW_ID cpu=47 queue=47 trace_id=0x6e sink=0xfbac6f4e list=0x84ba90 nr=1
CS ETM: event=AUX_OUTPUT_HW_ID hw_id=0x100004406284e01
CS ETM: HW_ID sample cpu=48 tid=3182529 hw_id=0x100004406284e01 major=0 minor=1 sink=0x4406284e trace_id=0x1 per_thread=0
CS ETM: map HW_ID hw_id=0x100004406284e01 cpu=48 queue=48 etmq=0x84bad0 sink old=0xffffffff new=0x4406284e trace_id=0x1 list=0x84bb90 own=0x84bb90 nr=0 format=2 per_thread=0
CS ETM: sink match queue=48 other_queue=48 etmq=0x84bad0 other_etmq=0x84bad0 list=0x84bb90 other_list=0x84bb90 nr=0 other_nr=0 sink=0x4406284e
CS ETM: insert trace ID queue=48 etmq=0x84bad0 trace_id=0x1 list=0x84bb90 nr_before=0 cpu=48 cpu_data=0x847390 inode=0x850370 inode_priv=(nil)
CS ETM: inserted trace ID queue=48 trace_id=0x1 list=0x84bb90 nr_after=1 cpu=48
CS ETM: mapped HW_ID cpu=48 queue=48 trace_id=0x1 sink=0x4406284e list=0x84bb90 nr=1
CS ETM: event=AUX_OUTPUT_HW_ID hw_id=0x100008c5fe14e01
CS ETM: HW_ID sample cpu=49 tid=3182529 hw_id=0x100008c5fe14e01 major=0 minor=1 sink=0x8c5fe14e trace_id=0x1 per_thread=0
CS ETM: map HW_ID hw_id=0x100008c5fe14e01 cpu=49 queue=49 etmq=0x84bbd0 sink old=0xffffffff new=0x8c5fe14e trace_id=0x1 list=0x84bc90 own=0x84bc90 nr=0 format=2 per_thread=0
CS ETM: sink match queue=49 other_queue=49 etmq=0x84bbd0 other_etmq=0x84bbd0 list=0x84bc90 other_list=0x84bc90 nr=0 other_nr=0 sink=0x8c5fe14e
CS ETM: insert trace ID queue=49 etmq=0x84bbd0 trace_id=0x1 list=0x84bc90 nr_before=0 cpu=49 cpu_data=0x847400 inode=0x8503a0 inode_priv=(nil)
CS ETM: inserted trace ID queue=49 trace_id=0x1 list=0x84bc90 nr_after=1 cpu=49
CS ETM: mapped HW_ID cpu=49 queue=49 trace_id=0x1 sink=0x8c5fe14e list=0x84bc90 nr=1
CS ETM: event=AUX_OUTPUT_HW_ID hw_id=0x10000cf80ba0701
CS ETM: HW_ID sample cpu=50 tid=3182529 hw_id=0x10000cf80ba0701 major=0 minor=1 sink=0xcf80ba07 trace_id=0x1 per_thread=0
CS ETM: map HW_ID hw_id=0x10000cf80ba0701 cpu=50 queue=50 etmq=0x84bcd0 sink old=0xffffffff new=0xcf80ba07 trace_id=0x1 list=0x84bd90 own=0x84bd90 nr=0 format=2 per_thread=0
CS ETM: sink match queue=50 other_queue=50 etmq=0x84bcd0 other_etmq=0x84bcd0 list=0x84bd90 other_list=0x84bd90 nr=0 other_nr=0 sink=0xcf80ba07
CS ETM: insert trace ID queue=50 etmq=0x84bcd0 trace_id=0x1 list=0x84bd90 nr_before=0 cpu=50 cpu_data=0x847470 inode=0x8503d0 inode_priv=(nil)
CS ETM: inserted trace ID queue=50 trace_id=0x1 list=0x84bd90 nr_after=1 cpu=50
CS ETM: mapped HW_ID cpu=50 queue=50 trace_id=0x1 sink=0xcf80ba07 list=0x84bd90 nr=1
CS ETM: event=AUX_OUTPUT_HW_ID hw_id=0x1000017da730701
CS ETM: HW_ID sample cpu=51 tid=3182529 hw_id=0x1000017da730701 major=0 minor=1 sink=0x17da7307 trace_id=0x1 per_thread=0
CS ETM: map HW_ID hw_id=0x1000017da730701 cpu=51 queue=51 etmq=0x84bdd0 sink old=0xffffffff new=0x17da7307 trace_id=0x1 list=0x84be90 own=0x84be90 nr=0 format=2 per_thread=0
CS ETM: sink match queue=51 other_queue=51 etmq=0x84bdd0 other_etmq=0x84bdd0 list=0x84be90 other_list=0x84be90 nr=0 other_nr=0 sink=0x17da7307
CS ETM: insert trace ID queue=51 etmq=0x84bdd0 trace_id=0x1 list=0x84be90 nr_before=0 cpu=51 cpu_data=0x8474e0 inode=0x850400 inode_priv=(nil)
CS ETM: inserted trace ID queue=51 trace_id=0x1 list=0x84be90 nr_after=1 cpu=51
CS ETM: mapped HW_ID cpu=51 queue=51 trace_id=0x1 sink=0x17da7307 list=0x84be90 nr=1
CS ETM: event=AUX_OUTPUT_HW_ID hw_id=0x10000a88de50701
CS ETM: HW_ID sample cpu=53 tid=3182529 hw_id=0x10000a88de50701 major=0 minor=1 sink=0xa88de507 trace_id=0x1 per_thread=0
CS ETM: map HW_ID hw_id=0x10000a88de50701 cpu=53 queue=53 etmq=0x84bfd0 sink old=0xffffffff new=0xa88de507 trace_id=0x1 list=0x84c090 own=0x84c090 nr=0 format=2 per_thread=0
CS ETM: sink match queue=53 other_queue=53 etmq=0x84bfd0 other_etmq=0x84bfd0 list=0x84c090 other_list=0x84c090 nr=0 other_nr=0 sink=0xa88de507
CS ETM: insert trace ID queue=53 etmq=0x84bfd0 trace_id=0x1 list=0x84c090 nr_before=0 cpu=53 cpu_data=0x8475c0 inode=0x850430 inode_priv=(nil)
CS ETM: inserted trace ID queue=53 trace_id=0x1 list=0x84c090 nr_after=1 cpu=53
CS ETM: mapped HW_ID cpu=53 queue=53 trace_id=0x1 sink=0xa88de507 list=0x84c090 nr=1
CS ETM: event=AUX_OUTPUT_HW_ID hw_id=0x10000f0e79e0701
CS ETM: HW_ID sample cpu=54 tid=3182529 hw_id=0x10000f0e79e0701 major=0 minor=1 sink=0xf0e79e07 trace_id=0x1 per_thread=0
CS ETM: map HW_ID hw_id=0x10000f0e79e0701 cpu=54 queue=54 etmq=0x84c0d0 sink old=0xffffffff new=0xf0e79e07 trace_id=0x1 list=0x84c190 own=0x84c190 nr=0 format=2 per_thread=0
CS ETM: sink match queue=54 other_queue=54 etmq=0x84c0d0 other_etmq=0x84c0d0 list=0x84c190 other_list=0x84c190 nr=0 other_nr=0 sink=0xf0e79e07
CS ETM: insert trace ID queue=54 etmq=0x84c0d0 trace_id=0x1 list=0x84c190 nr_before=0 cpu=54 cpu_data=0x847630 inode=0x850460 inode_priv=(nil)
CS ETM: inserted trace ID queue=54 trace_id=0x1 list=0x84c190 nr_after=1 cpu=54
CS ETM: mapped HW_ID cpu=54 queue=54 trace_id=0x1 sink=0xf0e79e07 list=0x84c190 nr=1
CS ETM: event=AUX_OUTPUT_HW_ID hw_id=0x100003941570701
CS ETM: HW_ID sample cpu=55 tid=3182529 hw_id=0x100003941570701 major=0 minor=1 sink=0x39415707 trace_id=0x1 per_thread=0
CS ETM: map HW_ID hw_id=0x100003941570701 cpu=55 queue=55 etmq=0x84c1d0 sink old=0xffffffff new=0x39415707 trace_id=0x1 list=0x84c290 own=0x84c290 nr=0 format=2 per_thread=0
CS ETM: sink match queue=55 other_queue=55 etmq=0x84c1d0 other_etmq=0x84c1d0 list=0x84c290 other_list=0x84c290 nr=0 other_nr=0 sink=0x39415707
CS ETM: insert trace ID queue=55 etmq=0x84c1d0 trace_id=0x1 list=0x84c290 nr_before=0 cpu=55 cpu_data=0x8476a0 inode=0x850490 inode_priv=(nil)
CS ETM: inserted trace ID queue=55 trace_id=0x1 list=0x84c290 nr_after=1 cpu=55
CS ETM: mapped HW_ID cpu=55 queue=55 trace_id=0x1 sink=0x39415707 list=0x84c290 nr=1
CS ETM: event=AUX_OUTPUT_HW_ID hw_id=0x10000819b100701
CS ETM: HW_ID sample cpu=56 tid=3182529 hw_id=0x10000819b100701 major=0 minor=1 sink=0x819b1007 trace_id=0x1 per_thread=0
CS ETM: map HW_ID hw_id=0x10000819b100701 cpu=56 queue=56 etmq=0x84c2d0 sink old=0xffffffff new=0x819b1007 trace_id=0x1 list=0x84c390 own=0x84c390 nr=0 format=2 per_thread=0
CS ETM: sink match queue=56 other_queue=56 etmq=0x84c2d0 other_etmq=0x84c2d0 list=0x84c390 other_list=0x84c390 nr=0 other_nr=0 sink=0x819b1007
CS ETM: insert trace ID queue=56 etmq=0x84c2d0 trace_id=0x1 list=0x84c390 nr_before=0 cpu=56 cpu_data=0x847710 inode=0x8504c0 inode_priv=(nil)
CS ETM: inserted trace ID queue=56 trace_id=0x1 list=0x84c390 nr_after=1 cpu=56
CS ETM: mapped HW_ID cpu=56 queue=56 trace_id=0x1 sink=0x819b1007 list=0x84c390 nr=1
CS ETM: event=AUX_OUTPUT_HW_ID hw_id=0x10000c9f4c90701
CS ETM: HW_ID sample cpu=57 tid=3182529 hw_id=0x10000c9f4c90701 major=0 minor=1 sink=0xc9f4c907 trace_id=0x1 per_thread=0
CS ETM: map HW_ID hw_id=0x10000c9f4c90701 cpu=57 queue=57 etmq=0x84c3d0 sink old=0xffffffff new=0xc9f4c907 trace_id=0x1 list=0x84c490 own=0x84c490 nr=0 format=2 per_thread=0
CS ETM: sink match queue=57 other_queue=57 etmq=0x84c3d0 other_etmq=0x84c3d0 list=0x84c490 other_list=0x84c490 nr=0 other_nr=0 sink=0xc9f4c907
CS ETM: insert trace ID queue=57 etmq=0x84c3d0 trace_id=0x1 list=0x84c490 nr_before=0 cpu=57 cpu_data=0x847780 inode=0x8504f0 inode_priv=(nil)
CS ETM: inserted trace ID queue=57 trace_id=0x1 list=0x84c490 nr_after=1 cpu=57
CS ETM: mapped HW_ID cpu=57 queue=57 trace_id=0x1 sink=0xc9f4c907 list=0x84c490 nr=1
CS ETM: event=AUX_OUTPUT_HW_ID hw_id=0x10000124e820701
CS ETM: HW_ID sample cpu=58 tid=3182529 hw_id=0x10000124e820701 major=0 minor=1 sink=0x124e8207 trace_id=0x1 per_thread=0
CS ETM: map HW_ID hw_id=0x10000124e820701 cpu=58 queue=58 etmq=0x84c4d0 sink old=0xffffffff new=0x124e8207 trace_id=0x1 list=0x84c590 own=0x84c590 nr=0 format=2 per_thread=0
CS ETM: sink match queue=58 other_queue=58 etmq=0x84c4d0 other_etmq=0x84c4d0 list=0x84c590 other_list=0x84c590 nr=0 other_nr=0 sink=0x124e8207
CS ETM: insert trace ID queue=58 etmq=0x84c4d0 trace_id=0x1 list=0x84c590 nr_before=0 cpu=58 cpu_data=0x8477f0 inode=0x850520 inode_priv=(nil)
CS ETM: inserted trace ID queue=58 trace_id=0x1 list=0x84c590 nr_after=1 cpu=58
CS ETM: mapped HW_ID cpu=58 queue=58 trace_id=0x1 sink=0x124e8207 list=0x84c590 nr=1
CS ETM: event=AUX_OUTPUT_HW_ID hw_id=0x100005aa83b0701
CS ETM: HW_ID sample cpu=59 tid=3182529 hw_id=0x100005aa83b0701 major=0 minor=1 sink=0x5aa83b07 trace_id=0x1 per_thread=0
CS ETM: map HW_ID hw_id=0x100005aa83b0701 cpu=59 queue=59 etmq=0x84c5d0 sink old=0xffffffff new=0x5aa83b07 trace_id=0x1 list=0x84c690 own=0x84c690 nr=0 format=2 per_thread=0
CS ETM: sink match queue=59 other_queue=59 etmq=0x84c5d0 other_etmq=0x84c5d0 list=0x84c690 other_list=0x84c690 nr=0 other_nr=0 sink=0x5aa83b07
CS ETM: insert trace ID queue=59 etmq=0x84c5d0 trace_id=0x1 list=0x84c690 nr_before=0 cpu=59 cpu_data=0x847860 inode=0x850550 inode_priv=(nil)
CS ETM: inserted trace ID queue=59 trace_id=0x1 list=0x84c690 nr_after=1 cpu=59
CS ETM: mapped HW_ID cpu=59 queue=59 trace_id=0x1 sink=0x5aa83b07 list=0x84c690 nr=1
CS ETM: event=AUX_OUTPUT_HW_ID hw_id=0x100009dc913c001
CS ETM: HW_ID sample cpu=60 tid=3182529 hw_id=0x100009dc913c001 major=0 minor=1 sink=0x9dc913c0 trace_id=0x1 per_thread=0
CS ETM: map HW_ID hw_id=0x100009dc913c001 cpu=60 queue=60 etmq=0x84c6d0 sink old=0xffffffff new=0x9dc913c0 trace_id=0x1 list=0x84c790 own=0x84c790 nr=0 format=2 per_thread=0
CS ETM: sink match queue=60 other_queue=60 etmq=0x84c6d0 other_etmq=0x84c6d0 list=0x84c790 other_list=0x84c790 nr=0 other_nr=0 sink=0x9dc913c0
CS ETM: insert trace ID queue=60 etmq=0x84c6d0 trace_id=0x1 list=0x84c790 nr_before=0 cpu=60 cpu_data=0x8478d0 inode=0x850580 inode_priv=(nil)
CS ETM: inserted trace ID queue=60 trace_id=0x1 list=0x84c790 nr_after=1 cpu=60
CS ETM: mapped HW_ID cpu=60 queue=60 trace_id=0x1 sink=0x9dc913c0 list=0x84c790 nr=1
CS ETM: event=AUX_OUTPUT_HW_ID hw_id=0x10000e622ccc001
CS ETM: HW_ID sample cpu=61 tid=3182529 hw_id=0x10000e622ccc001 major=0 minor=1 sink=0xe622ccc0 trace_id=0x1 per_thread=0
CS ETM: map HW_ID hw_id=0x10000e622ccc001 cpu=61 queue=61 etmq=0x84c7d0 sink old=0xffffffff new=0xe622ccc0 trace_id=0x1 list=0x84c890 own=0x84c890 nr=0 format=2 per_thread=0
CS ETM: sink match queue=61 other_queue=61 etmq=0x84c7d0 other_etmq=0x84c7d0 list=0x84c890 other_list=0x84c890 nr=0 other_nr=0 sink=0xe622ccc0
CS ETM: insert trace ID queue=61 etmq=0x84c7d0 trace_id=0x1 list=0x84c890 nr_before=0 cpu=61 cpu_data=0x847940 inode=0x8505b0 inode_priv=(nil)
CS ETM: inserted trace ID queue=61 trace_id=0x1 list=0x84c890 nr_after=1 cpu=61
CS ETM: mapped HW_ID cpu=61 queue=61 trace_id=0x1 sink=0xe622ccc0 list=0x84c890 nr=1
CS ETM: event=AUX_OUTPUT_HW_ID hw_id=0x100002e7c85c001
CS ETM: HW_ID sample cpu=62 tid=3182529 hw_id=0x100002e7c85c001 major=0 minor=1 sink=0x2e7c85c0 trace_id=0x1 per_thread=0
CS ETM: map HW_ID hw_id=0x100002e7c85c001 cpu=62 queue=62 etmq=0x84c8d0 sink old=0xffffffff new=0x2e7c85c0 trace_id=0x1 list=0x84c990 own=0x84c990 nr=0 format=2 per_thread=0
CS ETM: sink match queue=62 other_queue=62 etmq=0x84c8d0 other_etmq=0x84c8d0 list=0x84c990 other_list=0x84c990 nr=0 other_nr=0 sink=0x2e7c85c0
CS ETM: insert trace ID queue=62 etmq=0x84c8d0 trace_id=0x1 list=0x84c990 nr_before=0 cpu=62 cpu_data=0x8479b0 inode=0x8505e0 inode_priv=(nil)
CS ETM: inserted trace ID queue=62 trace_id=0x1 list=0x84c990 nr_after=1 cpu=62
CS ETM: mapped HW_ID cpu=62 queue=62 trace_id=0x1 sink=0x2e7c85c0 list=0x84c990 nr=1
CS ETM: event=AUX_OUTPUT_HW_ID hw_id=0x1000076d63ec001
CS ETM: HW_ID sample cpu=63 tid=3182529 hw_id=0x1000076d63ec001 major=0 minor=1 sink=0x76d63ec0 trace_id=0x1 per_thread=0
CS ETM: map HW_ID hw_id=0x1000076d63ec001 cpu=63 queue=63 etmq=0x84c9d0 sink old=0xffffffff new=0x76d63ec0 trace_id=0x1 list=0x84ca90 own=0x84ca90 nr=0 format=2 per_thread=0
CS ETM: sink match queue=63 other_queue=63 etmq=0x84c9d0 other_etmq=0x84c9d0 list=0x84ca90 other_list=0x84ca90 nr=0 other_nr=0 sink=0x76d63ec0
CS ETM: insert trace ID queue=63 etmq=0x84c9d0 trace_id=0x1 list=0x84ca90 nr_before=0 cpu=63 cpu_data=0x847a20 inode=0x850610 inode_priv=(nil)
CS ETM: inserted trace ID queue=63 trace_id=0x1 list=0x84ca90 nr_after=1 cpu=63
CS ETM: mapped HW_ID cpu=63 queue=63 trace_id=0x1 sink=0x76d63ec0 list=0x84ca90 nr=1
CS ETM: event=AUX_OUTPUT_HW_ID hw_id=0x10000bf2ff7c001
CS ETM: HW_ID sample cpu=64 tid=3182529 hw_id=0x10000bf2ff7c001 major=0 minor=1 sink=0xbf2ff7c0 trace_id=0x1 per_thread=0
CS ETM: map HW_ID hw_id=0x10000bf2ff7c001 cpu=64 queue=64 etmq=0x84cad0 sink old=0xffffffff new=0xbf2ff7c0 trace_id=0x1 list=0x84cb90 own=0x84cb90 nr=0 format=2 per_thread=0
CS ETM: sink match queue=64 other_queue=64 etmq=0x84cad0 other_etmq=0x84cad0 list=0x84cb90 other_list=0x84cb90 nr=0 other_nr=0 sink=0xbf2ff7c0
CS ETM: insert trace ID queue=64 etmq=0x84cad0 trace_id=0x1 list=0x84cb90 nr_before=0 cpu=64 cpu_data=0x847a90 inode=0x850640 inode_priv=(nil)
CS ETM: inserted trace ID queue=64 trace_id=0x1 list=0x84cb90 nr_after=1 cpu=64
CS ETM: mapped HW_ID cpu=64 queue=64 trace_id=0x1 sink=0xbf2ff7c0 list=0x84cb90 nr=1
CS ETM: event=AUX_OUTPUT_HW_ID hw_id=0x100000789b0c001
CS ETM: HW_ID sample cpu=65 tid=3182529 hw_id=0x100000789b0c001 major=0 minor=1 sink=0x789b0c0 trace_id=0x1 per_thread=0
CS ETM: map HW_ID hw_id=0x100000789b0c001 cpu=65 queue=65 etmq=0x84cbd0 sink old=0xffffffff new=0x789b0c0 trace_id=0x1 list=0x84cc90 own=0x84cc90 nr=0 format=2 per_thread=0
CS ETM: sink match queue=65 other_queue=65 etmq=0x84cbd0 other_etmq=0x84cbd0 list=0x84cc90 other_list=0x84cc90 nr=0 other_nr=0 sink=0x789b0c0
CS ETM: insert trace ID queue=65 etmq=0x84cbd0 trace_id=0x1 list=0x84cc90 nr_before=0 cpu=65 cpu_data=0x847b00 inode=0x850670 inode_priv=(nil)
CS ETM: inserted trace ID queue=65 trace_id=0x1 list=0x84cc90 nr_after=1 cpu=65
CS ETM: mapped HW_ID cpu=65 queue=65 trace_id=0x1 sink=0x789b0c0 list=0x84cc90 nr=1
CS ETM: event=AUX_OUTPUT_HW_ID hw_id=0x100004fe369c001
CS ETM: HW_ID sample cpu=66 tid=3182529 hw_id=0x100004fe369c001 major=0 minor=1 sink=0x4fe369c0 trace_id=0x1 per_thread=0
CS ETM: map HW_ID hw_id=0x100004fe369c001 cpu=66 queue=66 etmq=0x84ccd0 sink old=0xffffffff new=0x4fe369c0 trace_id=0x1 list=0x84cd90 own=0x84cd90 nr=0 format=2 per_thread=0
CS ETM: sink match queue=66 other_queue=66 etmq=0x84ccd0 other_etmq=0x84ccd0 list=0x84cd90 other_list=0x84cd90 nr=0 other_nr=0 sink=0x4fe369c0
CS ETM: insert trace ID queue=66 etmq=0x84ccd0 trace_id=0x1 list=0x84cd90 nr_before=0 cpu=66 cpu_data=0x847b70 inode=0x8506a0 inode_priv=(nil)
CS ETM: inserted trace ID queue=66 trace_id=0x1 list=0x84cd90 nr_after=1 cpu=66
CS ETM: mapped HW_ID cpu=66 queue=66 trace_id=0x1 sink=0x4fe369c0 list=0x84cd90 nr=1
CS ETM: event=AUX_OUTPUT_HW_ID hw_id=0x10000983d22c001
CS ETM: HW_ID sample cpu=67 tid=3182529 hw_id=0x10000983d22c001 major=0 minor=1 sink=0x983d22c0 trace_id=0x1 per_thread=0
CS ETM: map HW_ID hw_id=0x10000983d22c001 cpu=67 queue=67 etmq=0x84cdd0 sink old=0xffffffff new=0x983d22c0 trace_id=0x1 list=0x84ce90 own=0x84ce90 nr=0 format=2 per_thread=0
CS ETM: sink match queue=67 other_queue=67 etmq=0x84cdd0 other_etmq=0x84cdd0 list=0x84ce90 other_list=0x84ce90 nr=0 other_nr=0 sink=0x983d22c0
CS ETM: insert trace ID queue=67 etmq=0x84cdd0 trace_id=0x1 list=0x84ce90 nr_before=0 cpu=67 cpu_data=0x847be0 inode=0x8506d0 inode_priv=(nil)
CS ETM: inserted trace ID queue=67 trace_id=0x1 list=0x84ce90 nr_after=1 cpu=67
CS ETM: mapped HW_ID cpu=67 queue=67 trace_id=0x1 sink=0x983d22c0 list=0x84ce90 nr=1
CS ETM: event=AUX_OUTPUT_HW_ID hw_id=0x10000e096dbc001
CS ETM: HW_ID sample cpu=68 tid=3182529 hw_id=0x10000e096dbc001 major=0 minor=1 sink=0xe096dbc0 trace_id=0x1 per_thread=0
CS ETM: map HW_ID hw_id=0x10000e096dbc001 cpu=68 queue=68 etmq=0x84ced0 sink old=0xffffffff new=0xe096dbc0 trace_id=0x1 list=0x84cf90 own=0x84cf90 nr=0 format=2 per_thread=0
CS ETM: sink match queue=68 other_queue=68 etmq=0x84ced0 other_etmq=0x84ced0 list=0x84cf90 other_list=0x84cf90 nr=0 other_nr=0 sink=0xe096dbc0
CS ETM: insert trace ID queue=68 etmq=0x84ced0 trace_id=0x1 list=0x84cf90 nr_before=0 cpu=68 cpu_data=0x847c50 inode=0x850700 inode_priv=(nil)
CS ETM: inserted trace ID queue=68 trace_id=0x1 list=0x84cf90 nr_after=1 cpu=68
CS ETM: mapped HW_ID cpu=68 queue=68 trace_id=0x1 sink=0xe096dbc0 list=0x84cf90 nr=1
CS ETM: event=AUX_OUTPUT_HW_ID hw_id=0x1000028f094c001
CS ETM: HW_ID sample cpu=69 tid=3182529 hw_id=0x1000028f094c001 major=0 minor=1 sink=0x28f094c0 trace_id=0x1 per_thread=0
CS ETM: map HW_ID hw_id=0x1000028f094c001 cpu=69 queue=69 etmq=0x84cfd0 sink old=0xffffffff new=0x28f094c0 trace_id=0x1 list=0x84d090 own=0x84d090 nr=0 format=2 per_thread=0
CS ETM: sink match queue=69 other_queue=69 etmq=0x84cfd0 other_etmq=0x84cfd0 list=0x84d090 other_list=0x84d090 nr=0 other_nr=0 sink=0x28f094c0
CS ETM: insert trace ID queue=69 etmq=0x84cfd0 trace_id=0x1 list=0x84d090 nr_before=0 cpu=69 cpu_data=0x847cc0 inode=0x850730 inode_priv=(nil)
CS ETM: inserted trace ID queue=69 trace_id=0x1 list=0x84d090 nr_after=1 cpu=69
CS ETM: mapped HW_ID cpu=69 queue=69 trace_id=0x1 sink=0x28f094c0 list=0x84d090 nr=1
CS ETM: event=AUX_OUTPUT_HW_ID hw_id=0x100006c116d7901
CS ETM: HW_ID sample cpu=70 tid=3182529 hw_id=0x100006c116d7901 major=0 minor=1 sink=0x6c116d79 trace_id=0x1 per_thread=0
CS ETM: map HW_ID hw_id=0x100006c116d7901 cpu=70 queue=70 etmq=0x84d0d0 sink old=0xffffffff new=0x6c116d79 trace_id=0x1 list=0x84d190 own=0x84d190 nr=0 format=2 per_thread=0
CS ETM: sink match queue=70 other_queue=70 etmq=0x84d0d0 other_etmq=0x84d0d0 list=0x84d190 other_list=0x84d190 nr=0 other_nr=0 sink=0x6c116d79
CS ETM: insert trace ID queue=70 etmq=0x84d0d0 trace_id=0x1 list=0x84d190 nr_before=0 cpu=70 cpu_data=0x847d30 inode=0x850760 inode_priv=(nil)
CS ETM: inserted trace ID queue=70 trace_id=0x1 list=0x84d190 nr_after=1 cpu=70
CS ETM: mapped HW_ID cpu=70 queue=70 trace_id=0x1 sink=0x6c116d79 list=0x84d190 nr=1
CS ETM: event=AUX_OUTPUT_HW_ID hw_id=0x10000b46b267901
CS ETM: HW_ID sample cpu=71 tid=3182529 hw_id=0x10000b46b267901 major=0 minor=1 sink=0xb46b2679 trace_id=0x1 per_thread=0
CS ETM: map HW_ID hw_id=0x10000b46b267901 cpu=71 queue=71 etmq=0x84d1d0 sink old=0xffffffff new=0xb46b2679 trace_id=0x1 list=0x84d290 own=0x84d290 nr=0 format=2 per_thread=0
CS ETM: sink match queue=71 other_queue=71 etmq=0x84d1d0 other_etmq=0x84d1d0 list=0x84d290 other_list=0x84d290 nr=0 other_nr=0 sink=0xb46b2679
CS ETM: insert trace ID queue=71 etmq=0x84d1d0 trace_id=0x1 list=0x84d290 nr_before=0 cpu=71 cpu_data=0x847da0 inode=0x850790 inode_priv=(nil)
CS ETM: inserted trace ID queue=71 trace_id=0x1 list=0x84d290 nr_after=1 cpu=71
CS ETM: mapped HW_ID cpu=71 queue=71 trace_id=0x1 sink=0xb46b2679 list=0x84d290 nr=1
CS ETM: iterating auxtrace queue index=0 etmq=0x848ad0 empty=0 format=2 sink=0x3744496a traceid_list=0x848b90 nr=1 decoder=(nil)
CS ETM: creating queue decoder queue=0 etmq=0x848ad0 decoders=1 format=2 sink=0x3744496a traceid_list=0x848b90 own=0x848b90
CS ETM: created queue decoder queue=0 etmq=0x848ad0 decoder=0x8507f0 traceid_list=0x848b90 nr=1
CS ETM: iterating auxtrace queue index=1 etmq=0x848bd0 empty=0 format=2 sink=0x58ca323 traceid_list=0x848c90 nr=1 decoder=(nil)
CS ETM: creating queue decoder queue=1 etmq=0x848bd0 decoders=1 format=2 sink=0x58ca323 traceid_list=0x848c90 own=0x848c90
CS ETM: created queue decoder queue=1 etmq=0x848bd0 decoder=0x85b970 traceid_list=0x848c90 nr=1
CS ETM: iterating auxtrace queue index=2 etmq=0x848cd0 empty=0 format=2 sink=0xd3d4fcdc traceid_list=0x848d90 nr=1 decoder=(nil)
CS ETM: creating queue decoder queue=2 etmq=0x848cd0 decoders=1 format=2 sink=0xd3d4fcdc traceid_list=0x848d90 own=0x848d90
CS ETM: created queue decoder queue=2 etmq=0x848cd0 decoder=0x8667d0 traceid_list=0x848d90 nr=1
CS ETM: iterating auxtrace queue index=3 etmq=0x848dd0 empty=0 format=2 sink=0xa21d5695 traceid_list=0x848e90 nr=1 decoder=(nil)
CS ETM: creating queue decoder queue=3 etmq=0x848dd0 decoders=1 format=2 sink=0xa21d5695 traceid_list=0x848e90 own=0x848e90
CS ETM: created queue decoder queue=3 etmq=0x848dd0 decoder=0x871880 traceid_list=0x848e90 nr=1
CS ETM: iterating auxtrace queue index=4 etmq=0x848ed0 empty=0 format=2 sink=0x7065b04e traceid_list=0x848f90 nr=1 decoder=(nil)
CS ETM: creating queue decoder queue=4 etmq=0x848ed0 decoders=1 format=2 sink=0x7065b04e traceid_list=0x848f90 own=0x848f90
CS ETM: created queue decoder queue=4 etmq=0x848ed0 decoder=0x87c930 traceid_list=0x848f90 nr=1
CS ETM: iterating auxtrace queue index=5 etmq=0x848fd0 empty=0 format=2 sink=0x3eae0a07 traceid_list=0x849090 nr=1 decoder=(nil)
CS ETM: creating queue decoder queue=5 etmq=0x848fd0 decoders=1 format=2 sink=0x3eae0a07 traceid_list=0x849090 own=0x849090
CS ETM: created queue decoder queue=5 etmq=0x848fd0 decoder=0x8879e0 traceid_list=0x849090 nr=1
CS ETM: iterating auxtrace queue index=6 etmq=0x8490d0 empty=0 format=2 sink=0xcf663c0 traceid_list=0x849190 nr=1 decoder=(nil)
CS ETM: creating queue decoder queue=6 etmq=0x8490d0 decoders=1 format=2 sink=0xcf663c0 traceid_list=0x849190 own=0x849190
CS ETM: created queue decoder queue=6 etmq=0x8490d0 decoder=0x892ca0 traceid_list=0x849190 nr=1
CS ETM: iterating auxtrace queue index=7 etmq=0x8491d0 empty=0 format=2 sink=0xdb3ebd79 traceid_list=0x849290 nr=1 decoder=(nil)
CS ETM: creating queue decoder queue=7 etmq=0x8491d0 decoders=1 format=2 sink=0xdb3ebd79 traceid_list=0x849290 own=0x849290
CS ETM: created queue decoder queue=7 etmq=0x8491d0 decoder=0x89dd50 traceid_list=0x849290 nr=1
CS ETM: iterating auxtrace queue index=8 etmq=0x8492d0 empty=0 format=2 sink=0xa9871732 traceid_list=0x849390 nr=1 decoder=(nil)
CS ETM: creating queue decoder queue=8 etmq=0x8492d0 decoders=1 format=2 sink=0xa9871732 traceid_list=0x849390 own=0x849390
CS ETM: created queue decoder queue=8 etmq=0x8492d0 decoder=0x8a8e00 traceid_list=0x849390 nr=1
CS ETM: iterating auxtrace queue index=9 etmq=0x8493d0 empty=0 format=2 sink=0x77cf70eb traceid_list=0x849490 nr=1 decoder=(nil)
CS ETM: creating queue decoder queue=9 etmq=0x8493d0 decoders=1 format=2 sink=0x77cf70eb traceid_list=0x849490 own=0x849490
CS ETM: created queue decoder queue=9 etmq=0x8493d0 decoder=0x8b3eb0 traceid_list=0x849490 nr=1
CS ETM: iterating auxtrace queue index=10 etmq=0x8494d0 empty=0 format=2 sink=0x965f5323 traceid_list=0x849590 nr=1 decoder=(nil)
CS ETM: creating queue decoder queue=10 etmq=0x8494d0 decoders=1 format=2 sink=0x965f5323 traceid_list=0x849590 own=0x849590
CS ETM: created queue decoder queue=10 etmq=0x8494d0 decoder=0x8bef60 traceid_list=0x849590 nr=1
CS ETM: iterating auxtrace queue index=11 etmq=0x8495d0 empty=0 format=2 sink=0xdeb90c23 traceid_list=0x849690 nr=1 decoder=(nil)
CS ETM: creating queue decoder queue=11 etmq=0x8495d0 decoders=1 format=2 sink=0xdeb90c23 traceid_list=0x849690 own=0x849690
CS ETM: created queue decoder queue=11 etmq=0x8495d0 decoder=0x8ca010 traceid_list=0x849690 nr=1
CS ETM: iterating auxtrace queue index=12 etmq=0x8496d0 empty=0 format=2 sink=0x2712c523 traceid_list=0x849790 nr=1 decoder=(nil)
CS ETM: creating queue decoder queue=12 etmq=0x8496d0 decoders=1 format=2 sink=0x2712c523 traceid_list=0x849790 own=0x849790
CS ETM: created queue decoder queue=12 etmq=0x8496d0 decoder=0x8d50c0 traceid_list=0x849790 nr=1
CS ETM: iterating auxtrace queue index=13 etmq=0x8497d0 empty=0 format=2 sink=0x6f6c7e23 traceid_list=0x849890 nr=1 decoder=(nil)
CS ETM: creating queue decoder queue=13 etmq=0x8497d0 decoders=1 format=2 sink=0x6f6c7e23 traceid_list=0x849890 own=0x849890
CS ETM: created queue decoder queue=13 etmq=0x8497d0 decoder=0x8e0170 traceid_list=0x849890 nr=1
CS ETM: iterating auxtrace queue index=14 etmq=0x8498d0 empty=0 format=2 sink=0xb7c63723 traceid_list=0x849990 nr=1 decoder=(nil)
CS ETM: creating queue decoder queue=14 etmq=0x8498d0 decoders=1 format=2 sink=0xb7c63723 traceid_list=0x849990 own=0x849990
CS ETM: created queue decoder queue=14 etmq=0x8498d0 decoder=0x8eb010 traceid_list=0x849990 nr=1
CS ETM: iterating auxtrace queue index=15 etmq=0x8499d0 empty=0 format=2 sink=0x1ff023 traceid_list=0x849a90 nr=1 decoder=(nil)
CS ETM: creating queue decoder queue=15 etmq=0x8499d0 decoders=1 format=2 sink=0x1ff023 traceid_list=0x849a90 own=0x849a90
CS ETM: created queue decoder queue=15 etmq=0x8499d0 decoder=0x8f60c0 traceid_list=0x849a90 nr=1
CS ETM: iterating auxtrace queue index=16 etmq=0x849ad0 empty=0 format=2 sink=0x4879a923 traceid_list=0x849b90 nr=1 decoder=(nil)
CS ETM: creating queue decoder queue=16 etmq=0x849ad0 decoders=1 format=2 sink=0x4879a923 traceid_list=0x849b90 own=0x849b90
CS ETM: created queue decoder queue=16 etmq=0x849ad0 decoder=0x901170 traceid_list=0x849b90 nr=1
CS ETM: iterating auxtrace queue index=17 etmq=0x849bd0 empty=0 format=2 sink=0x90d36223 traceid_list=0x849c90 nr=1 decoder=(nil)
CS ETM: creating queue decoder queue=17 etmq=0x849bd0 decoders=1 format=2 sink=0x90d36223 traceid_list=0x849c90 own=0x849c90
CS ETM: created queue decoder queue=17 etmq=0x849bd0 decoder=0x90c220 traceid_list=0x849c90 nr=1
CS ETM: iterating auxtrace queue index=18 etmq=0x849cd0 empty=0 format=2 sink=0xd92d1b23 traceid_list=0x849d90 nr=1 decoder=(nil)
CS ETM: creating queue decoder queue=18 etmq=0x849cd0 decoders=1 format=2 sink=0xd92d1b23 traceid_list=0x849d90 own=0x849d90
CS ETM: created queue decoder queue=18 etmq=0x849cd0 decoder=0x9172d0 traceid_list=0x849d90 nr=1
CS ETM: iterating auxtrace queue index=19 etmq=0x849dd0 empty=0 format=2 sink=0x2186d423 traceid_list=0x849e90 nr=1 decoder=(nil)
CS ETM: creating queue decoder queue=19 etmq=0x849dd0 decoders=1 format=2 sink=0x2186d423 traceid_list=0x849e90 own=0x849e90
CS ETM: created queue decoder queue=19 etmq=0x849dd0 decoder=0x922380 traceid_list=0x849e90 nr=1
CS ETM: iterating auxtrace queue index=20 etmq=0x849ed0 empty=0 format=2 sink=0x64a7acdc traceid_list=0x849f90 nr=1 decoder=(nil)
CS ETM: creating queue decoder queue=20 etmq=0x849ed0 decoders=1 format=2 sink=0x64a7acdc traceid_list=0x849f90 own=0x849f90
CS ETM: created queue decoder queue=20 etmq=0x849ed0 decoder=0x92d430 traceid_list=0x849f90 nr=1
CS ETM: iterating auxtrace queue index=21 etmq=0x849fd0 empty=0 format=2 sink=0xad0165dc traceid_list=0x84a090 nr=1 decoder=(nil)
CS ETM: creating queue decoder queue=21 etmq=0x849fd0 decoders=1 format=2 sink=0xad0165dc traceid_list=0x84a090 own=0x84a090
CS ETM: created queue decoder queue=21 etmq=0x849fd0 decoder=0x9384e0 traceid_list=0x84a090 nr=1
CS ETM: iterating auxtrace queue index=22 etmq=0x84a0d0 empty=0 format=2 sink=0xf55b1edc traceid_list=0x84a190 nr=1 decoder=(nil)
CS ETM: creating queue decoder queue=22 etmq=0x84a0d0 decoders=1 format=2 sink=0xf55b1edc traceid_list=0x84a190 own=0x84a190
CS ETM: created queue decoder queue=22 etmq=0x84a0d0 decoder=0x943590 traceid_list=0x84a190 nr=1
CS ETM: iterating auxtrace queue index=23 etmq=0x84a1d0 empty=0 format=2 sink=0x3db4d7dc traceid_list=0x84a290 nr=1 decoder=(nil)
CS ETM: creating queue decoder queue=23 etmq=0x84a1d0 decoders=1 format=2 sink=0x3db4d7dc traceid_list=0x84a290 own=0x84a290
CS ETM: created queue decoder queue=23 etmq=0x84a1d0 decoder=0x94e640 traceid_list=0x84a290 nr=1
CS ETM: iterating auxtrace queue index=24 etmq=0x84a2d0 empty=0 format=2 sink=0x860e90dc traceid_list=0x84a390 nr=1 decoder=(nil)
CS ETM: creating queue decoder queue=24 etmq=0x84a2d0 decoders=1 format=2 sink=0x860e90dc traceid_list=0x84a390 own=0x84a390
CS ETM: created queue decoder queue=24 etmq=0x84a2d0 decoder=0x9596f0 traceid_list=0x84a390 nr=1
CS ETM: iterating auxtrace queue index=25 etmq=0x84a3d0 empty=0 format=2 sink=0xce6849dc traceid_list=0x84a490 nr=1 decoder=(nil)
CS ETM: creating queue decoder queue=25 etmq=0x84a3d0 decoders=1 format=2 sink=0xce6849dc traceid_list=0x84a490 own=0x84a490
CS ETM: created queue decoder queue=25 etmq=0x84a3d0 decoder=0x9647a0 traceid_list=0x84a490 nr=1
CS ETM: iterating auxtrace queue index=26 etmq=0x84a4d0 empty=0 format=2 sink=0x16c202dc traceid_list=0x84a590 nr=1 decoder=(nil)
CS ETM: creating queue decoder queue=26 etmq=0x84a4d0 decoders=1 format=2 sink=0x16c202dc traceid_list=0x84a590 own=0x84a590
CS ETM: created queue decoder queue=26 etmq=0x84a4d0 decoder=0x96f850 traceid_list=0x84a590 nr=1
CS ETM: iterating auxtrace queue index=27 etmq=0x84a5d0 empty=0 format=2 sink=0x5f1bbbdc traceid_list=0x84a690 nr=1 decoder=(nil)
CS ETM: creating queue decoder queue=27 etmq=0x84a5d0 decoders=1 format=2 sink=0x5f1bbbdc traceid_list=0x84a690 own=0x84a690
CS ETM: created queue decoder queue=27 etmq=0x84a5d0 decoder=0x97a900 traceid_list=0x84a690 nr=1
CS ETM: iterating auxtrace queue index=28 etmq=0x84a6d0 empty=0 format=2 sink=0xa77574dc traceid_list=0x84a790 nr=1 decoder=(nil)
CS ETM: creating queue decoder queue=28 etmq=0x84a6d0 decoders=1 format=2 sink=0xa77574dc traceid_list=0x84a790 own=0x84a790
CS ETM: created queue decoder queue=28 etmq=0x84a6d0 decoder=0x9859b0 traceid_list=0x84a790 nr=1
CS ETM: iterating auxtrace queue index=29 etmq=0x84a7d0 empty=0 format=2 sink=0xefcf2ddc traceid_list=0x84a890 nr=1 decoder=(nil)
CS ETM: creating queue decoder queue=29 etmq=0x84a7d0 decoders=1 format=2 sink=0xefcf2ddc traceid_list=0x84a890 own=0x84a890
CS ETM: created queue decoder queue=29 etmq=0x84a7d0 decoder=0x990a60 traceid_list=0x84a890 nr=1
CS ETM: iterating auxtrace queue index=30 etmq=0x84a8d0 empty=0 format=2 sink=0x32f00695 traceid_list=0x84a990 nr=1 decoder=(nil)
CS ETM: creating queue decoder queue=30 etmq=0x84a8d0 decoders=1 format=2 sink=0x32f00695 traceid_list=0x84a990 own=0x84a990
CS ETM: created queue decoder queue=30 etmq=0x84a8d0 decoder=0x99c320 traceid_list=0x84a990 nr=1
CS ETM: iterating auxtrace queue index=31 etmq=0x84a9d0 empty=0 format=2 sink=0xffffffff traceid_list=0x84aa90 nr=0 decoder=(nil)
CS ETM: creating queue decoder queue=31 etmq=0x84a9d0 decoders=0 format=2 sink=0xffffffff traceid_list=0x84aa90 own=0x84aa90
CS ETM: no Trace ID mapping for non-empty queue=31 etmq=0x84a9d0 format=2 sink=0xffffffff traceid_list=0x84aa90 own=0x84aa90 decoder=(nil)
